ID,Full Name,Korean Name,Birth Year,Group,Country,Gender
1,Kim Younghoon,김영훈,1997,7 O'clock,South Korea,M
2,Cho Minwoo,조민우,2004,EPEX,South Korea,M
3,Seong Hyunwoo,성현우,1996,Limitless,South Korea,M
4,Jang Wooyoung,장우영,1992,VAV,South Korea,M
5,Kwon Aeji,권애지,1999,Hashtag,South Korea,F
6,Lee Ahin,이아인,1999,MOMOLAND,South Korea,F
7,Go Ahra,고아라,2001,Favorite,South Korea,F
8,Choi Subin,최수빈,2004,BOTOPASS,South Korea,F
9,Cho Jayoung,조자영,1991,Dal Shabet,South Korea,F
10,Kang Ahyoung,강아형,1996,P.O.P,South Korea,F
11,Lee Yejin,이예진,1989,,South Korea,F
12,Kim Heejung,김희정,1991,,South Korea,F
13,Heo Yoorim,허유림,2000,Everglow,South Korea,F
14,Jang Minju,장민주,2001,MAJORS,South Korea,F
15,Alexander Schmidt Lee,알렉산더 슈미트 리,2004,DRIPPIN,Germany,M
16,Kim Seri,김세리,1996,,USA,F
17,Song Joohee,송주희,1990,Hello Venus,South Korea,F
18,Cheon Jaeyoung,천재영,2002,TRACER,South Korea,F
19,Allen Ma,앨런 마,1999,CRAVITY,USA,M
20,Amber Josephine Liu,엠버 조세핀 리우,1992,f(x),USA,F
21,Lee Sunho,이선호,1981,Shinhwa,South Korea,M
22,Lui Chunyeung,루이쯔양,1994,7 O'clock,Hong Kong,M
23,Lee Seoyoung,이서영,2000,GWSN,South Korea,F
24,Anthony Lo,엔써니 루오,1998,VARSITY,China,M
25,Lee Yunji,이윤지,2002,ILY:1,South Korea,F
26,Son Mnjung,손민정,2000,,South Korea,F
27,Park Yerim,박예림,2001,Pink Fantasy,South Korea,F
28,Kim Daun,김다운,1998,AREAL,South Korea,F
29,Kim Sunyoung,김선영,1994,Tahiti,South Korea,F
30,Hwang Nayoon,황나윤,1999,RedSquare,South Korea,F
31,Jeon Minjae,전민재,2000,MIXX,South Korea,F
32,Choi Yewon,최예원,1999,Oh My Girl,South Korea,F
33,Kwak Youngmin,곽영민,1993,NU'EST,South Korea,M
34,Jang Yunho,장윤호,2000,Kingdom,South Korea,M
35,Hanada Asahi,하나다 아사히,2001,Treasure,Japan,M
36,Ashley Choi,애슐리 최,1991,Ladies' Code,South Korea,F
37,Yang Lan,양안,1997,NATURE,China,F
38,Suzuki Ayami,스즈키 아야미,2000,Bling Bling,Japan,F
39,Kwon Yejun,권예준,2005,EPEX,South Korea,M
40,Son Minji,손민지,2002,Saturday,South Korea,F
41,Noh Yoonho,노윤호,1996,VAV,South Korea,M
42,Lee Minhyuk,이민혁,1990,Block B,South Korea,M
43,Kim Byungjoo,김병주,1994,Topp Dogg,South Korea,M
44,Kim Hanbin,김한빈,1996,,South Korea,M
45,Lee Youngsoo,이영수,1995,14U,South Korea,M
46,Lee Soojung,이수정,1992,Lovelyz,South Korea,F
47,Kim Bada,김바다,2002,Hinapia,South Korea,F
48,Bae Jinsol,배진솔,2004,NMIXX,South Korea,F
49,Kim Hyunwoo,김현우,2004,EPEX,South Korea,M
50,Kim Sua,김수아,1999,XUM,South Korea,F
51,Baek Sunwoo,백결,1999,E'LAST,South Korea,M
52,Kang Dongho,강동호,1995,NU'EST,South Korea,M
53,Byun Baekhyun,변백현,1992,EXO,South Korea,M
54,Huening Bahiyyih,휴닝바히에,2004,Kep1er,USA,F
55,Song Byeonghee,송병희,2001,JUST B,South Korea,M
56,Kunpimook Bhuwakul,꾼삐묵 부와꾼,1997,GOT7,Thailand,M
57,Bang Chan,방찬,1997,Stray Kids,Australia,M
58,Cha Sunwoo,차선우,1992,,South Korea,M
59,Choi Chunghyeop,최충협,1992,VAV,South Korea,M
60,Jin Sungho,진성호,1994,1TEAM,South Korea,M
61,Rebecca Kim,김레베카,1989,,South Korea,F
62,Choi Sunghoon,최성훈,2000,DUSTIN,South Korea,M
63,Jin Hyeonjoo,진현주,2001,Cignature,South Korea,F
64,Baek Jaewook,배제욱,1992,B.I.G,USA,M
65,Choi Beomgyu,최범규,2001,TXT,South Korea,M
66,Kim Susanna,김수산나,2004,Lapillus,South Korea,F
67,Yu Jiwon,유지원,2001,MAJORS,South Korea,F
68,Kim Hyungseo,김형서,1998,,South Korea,F
69,Nam Seungmin,남승민,2001,MCND,South Korea,M
70,Kwon Soobin,김수빈,1993,Hot Blood Youth,South Korea,M
71,No Minjae,노민재,2004,BAE173,South Korea,M
72,Kim Sangyeon,김상연,1995,MONT,South Korea,M
73,Lee Changhyun,이창현,1996,UP10TION,South Korea,M
74,Jung Gahee,정가희,1994,Pungdeng-E,South Korea,F
75,Matthew Kim,매튜김,1992,KARD,South Korea,M
76,Kwon Boa,권보아,1986,,South Korea,F
77,Kim Boah,김보아,1987,KEEMBO,South Korea,F
78,Kim Jiwon,김지원,1995,iKON,South Korea,M
79,Park Boeun,박보은,2008,CLASS:y,South Korea,F
80,Kim Bohyung,김보형,1991,KEEMBO,South Korea,F
81,Kim Bokeun,김복은,1994,SIGNAL,South Korea,M
82,Park Bom,박봄,1984,2NE1,South Korea,F
83,Yoon Bomi,윤보미,1993,Apink,South Korea,F
84,Choi Bomin,최보민,2000,Golden Child,South Korea,M
85,Kim Bomin,김보민,2001,RedSquare,South Korea,F
86,Kim Jiyeon,김지연,1995,Cosmic Girls,South Korea,F
87,Choi Euijeong,최의정,1999,Dreamnote,South Korea,F
88,Yoon Bora,윤보라,1989,SISTAR,South Korea,F
89,Kim Bora,김보라,1999,Cherry Bullet,South Korea,F
90,Jeon Boram,전보람,1986,,South Korea,F
91,Jin Junwoo,진준우,1995,VARSITY,South Korea,M
92,Lee Byounggon,이병곤,1998,CIX,South Korea,M
93,Choi Byungchan,최병찬,1997,VICTON,South Korea,M
94,Bang Minsoo,방민수,1992,Teen Top,South Korea,M
95,Cao Lu,차오루,1987,Fiestar,China,F
96,Chu Xiaoxiang,저효상,1991,CROSS GENE,China,M
97,Son Sangjoon,손성준,1999,MCND,South Korea,M
98,Cha Hoon,차훈,1994,N.Flying,South Korea,M
99,Kim Chaeyoung,김채영,1997,RedSquare,South Korea,F
100,Choi Yoobin,최유빈,1999,NATURE,South Korea,F
101,Kim Chaehyun,김채현,1999,Bonus Baby,South Korea,F
102,Kim Chaehyun,김채현,2002,Kep1er,South Korea,F
103,Lee Chaeyoung,이채영,2002,Purple Kiss,South Korea,F
104,Lee Chaejeong,이채정,1999,ALICE,South Korea,F
105,Chae Jinseok,채진석,1995,MYNAME,South Korea,M
106,Yoon Chaekyung,윤채경,1996,APRIL,South Korea,F
107,Lee Chaelin,이채린,1999,FANATICS,South Korea,F
108,Park Chaerin,박채린,2002,Cherry Bullet,South Korea,F
109,Park Chaerin,박채린,2003,ICHILLIN',South Korea,F
110,Lee Chaeryeong,이채령,2001,ITZY,South Korea,F
111,Maeng Chaesol,맹채솔,1998,Cignature,South Korea,F
112,Kim Chaewon,김채원,1997,APRIL,South Korea,F
113,Kim Chaewon,김채원,2000,LE SSERAFIM,South Korea,F
114,Lee Chaewon,이채원,2000,Maka Maka,South Korea,F
115,Yoon Chaewon,윤채원,2003,CLASS:y,South Korea,F
116,Song Chaeyeon,송채연,2003,CRAXY,South Korea,F
117,Jung Chaeyeon,정채연,1997,DIA,South Korea,F
118,Kim Chaeyeon,김채연,2004,tripleS,South Korea,F
119,Lee Chaeyeon,이채연,2000,IZ*ONE,South Korea,F
120,Son Chaeyoung,손채영,1999,Twice,South Korea,F
121,Lee Chaeyoung,이채영,2000,fromis_9,South Korea,F
122,Park Sooyoung,박수영,1996,MELODYDAY,South Korea,F
123,Jung Chanwoo,정찬우,1998,iKON,South Korea,M
124,Kang Yoochan,강유찬,1997,A.C.E,South Korea,M
125,Jo Chanhyuk,조찬혁,1999,TOO,South Korea,M
126,Seo Changbin,서창빈,1999,Stray Kids,South Korea,M
127,Woo Changbum,우창범,1993,,South Korea,M
128,Song Changgyu,송창규,1993,UNVS,South Korea,M
129,Choi Jonghyun,최종현,1995,Teen Top,South Korea,M
130,Lee Changsub,이창섭,1991,BtoB,South Korea,M
131,Lee Changsun,이창선,1996,24K,South Korea,M
132,Joo Changuk,주창욱,2001,DRIPPIN,South Korea,M
133,Kang Chanhee,강찬희,2000,SF9,South Korea,M
134,Kim Chanmi,김찬미,1996,AoA,South Korea,F
135,Hwang Chansung,황찬성,1990,2:00 PM,South Korea,M
136,Maria Chantal Videla,마리아 샹탈 비델라,2002,Lapillus,Philippines,F
137,Park Chanyeol,박찬열,1992,EXO,South Korea,M
138,Kim Chanyong,김찬용,1993,100%,South Korea,M
139,Kim Chanyoung,김찬영,2000,D-CRUNCH,South Korea,M
140,Kim Jongdae,김종대,1992,EXO,South Korea,M
141,Cheng Xiao,청샤오,1998,Cosmic Girls,China,F
142,Zhong Chenle,중천러,2001,NCT,China,M
143,Jang Cheongeum,장청음,1996,Ho1iday,South Korea,F
144,Li Chiayi,지아이,2000,FANATICS,Taiwan,F
145,Choi Chihoon,최치훈,1999,TOO,South Korea,M
146,Guk Seungjun,국승준,2002,Kingdom,South Korea,M
147,Park Choa,박초아,1990,,South Korea,F
148,Heo Minjin,허민진,1990,Crayon Pop,South Korea,F
149,Choi Yerim,최예림,2001,LOONA,South Korea,F
150,Choi In,최인,1996,E'LAST,South Korea,M
151,Choi Jaewoo,최재우,1997,Newkidd,South Korea,M
152,Park Chorong,박초롱,1991,Apink,South Korea,F
153,Han Chowon,한초원,2002,LIGHTSUM,South Korea,F
154,Kim Chowon,김초원,2005,ICHILLIN',South Korea,F
155,Kim Choyeon,김초연,2001,bugAboo,South Korea,F
156,Han Chris,한 크리스,2002,BLITZERS,South Korea,M
157,Kim Chungha,김청하,1996,,South Korea,F
158,Lee Chanhee,이찬희,1993,Teen Top,South Korea,M
159,Kim Jiwoo,김지우,1999,LOONA,South Korea,F
160,Lee Chaerin,이채린,1991,2NE1,South Korea,F
161,Shin Dongwoo,신동우,1991,B1A4,South Korea,M
162,Hong Joohyung,홍주현,1990,24K,South Korea,M
163,Cui Xiang,최상,1995,BOTOPASS,China,F
164,Lee Giwook,이기욱,2000,Onewe,South Korea,M
165,Lee Chaeeun,이채은,2001,bugAboo,South Korea,F
166,Cho Eunae,조은애,1995,Sonamoo,South Korea,F
167,Do Kyungsoo,도경수,1993,EXO,South Korea,M
168,Jang Dongil,장동일,1998,DKB,South Korea,M
169,Park Jiwon,박지원,2000,AREAL,South Korea,F
170,Lee Daehwi,이대휘,2001,AB6IX,South Korea,M
171,Jang Daehyeon,장대현,1997,WEi,South Korea,M
172,Jung Daehyun,정대현,1993,B.A.P,South Korea,M
173,Kim Daeil,김대일,1992,,South Korea,M
174,Daesung,강대성,1989,BIGBANG,South Korea,M
175,Jung Daeun,정다은,1994,2EYES,South Korea,F
176,Daewang Nim,대왕님,1996,Pink Fantasy,South Korea,F
177,Lee Daeyeol,이대열,1993,Golden Child,South Korea,M
178,Song Dahye,송다혜,1993,,South Korea,F
179,Kim Dahyun,김다현,1998,Twice,South Korea,F
180,Jeong Dahyun,정다현,2005,Rocket Punch,South Korea,F
181,Song Jieun,송지은,1990,,South Korea,F
182,Jung Dain,정다인,2004,HOT ISSUE,South Korea,F
183,Yoo Jeongahn,유정안,1999,,South Korea,F
184,Kim Dajeong,김다정,1995,Hashtag,South Korea,F
185,Jung Dajeong,정다정,2003,Pixy,South Korea,F
186,Jung Dakyung,정다경,2001,Hi-L,South Korea,F
187,Lee Sohyun,이소현,1999,ANS,South Korea,F
188,Lee Yoobin,이유빈,1997,Dreamcatcher,South Korea,F
189,Hong Dayoung,홍다영,2001,ANS,South Korea,F
190,Hu Boohan,후보한,1996,VARSITY,China,M
191,Park Seungyeon,박승연,1993,Matilda,South Korea,F
192,Jang Dana,장다나,2003,HOT ISSUE,South Korea,F
193,Kang Daniel,강다니엘,1996,Wanna One,South Korea,M
194,Mo Jihye,모지혜,2005,NewJeans,South Korea,F
195,Jung Seungbo,정승보,1997,Kingdom,South Korea,M
196,Jeon Eunji,전은지,1998,Ho1iday,South Korea,F
197,Ahn Seonil,안선일,2000,DUSTIN,South Korea,M
198,Park Sandara,박산다라,1984,2NE1,South Korea,F
199,Yang Daseul,양다슬,2000,Maka Maka,South Korea,F
200,Kim Dasom,김다솜,1993,SISTAR,South Korea,F
201,Lee Dasom,이다솜,1993,2EYES,South Korea,F
202,Nam Dawon,남다원,1997,Cosmic Girls,South Korea,F
203,Lee Sanghyuk,이상혁,1995,SF9,South Korea,M
204,Cho Dawon,조다원,2000,VARSITY,South Korea,M
205,Lee Dawon,이다원,1996,ARIAZ,South Korea,F
206,Kim Hyunjung,김현정,1998,Berry Good,South Korea,F
207,Hwang Da Kyeon,황연경,1995,XUM,South Korea,F
208,Kim Dayeon,김다연,2003,Kep1er,South Korea,F
209,Kim Dayoung,김다영,1991,Blady,South Korea,F
210,Im Dayoung,임다영,1999,Cosmic Girls,South Korea,F
211,Kim Dayun,김다윤,2000,Bonus Baby,South Korea,F
212,Park Sehyun,박세현,1995,Rockit Girl,South Korea,F
213,Kim Denise,김데니스,2001,SECRET NUMBER,South Korea,F
214,Kim Sehyun,김세현,2003,YOUNITE,South Korea,M
215,Kwak Minnyeong,곽민녕,1999,Maka Maka,South Korea,F
216,Choi Eunji,최은지,2001,Pixy,South Korea,F
217,Lee Chan,이찬,1999,Seventeen,South Korea,M
218,Dita Karang,디타 가랑,1996,SECRET NUMBER,Indonesia,F
219,Lee Seongmin,이석민,1997,Seventeen,South Korea,M
220,Kim Donghyuk,김동혁,1997,iKON,South Korea,M
221,Kim Dokyun,김도균,1998,BLANK2Y,South Korea,M
222,Choi Yuna,최윤아,1999,ALICE,South Korea,F
223,Kim Doah,김도아,2003,FANATICS,South Korea,F
224,Na Gyumin,나규민,2004,BAE173,South Korea,M
225,Yoon Dohee,윤도희,1999,,South Korea,F
226,Min Dohee,민도희,1994,Tiny-G,South Korea,F
227,Gil Dohwan,길도환,2003,Ciipher,South Korea,M
228,Nam Dohyon,남도현,2004,BAE173,South Korea,M
229,Kim Dohyuk,김도혁,1998,14U,South Korea,M
230,Kim Doi,김도이,1994,FANATICS,South Korea,F
231,Jeon Yongtae,전용태,1997,ENOi,South Korea,M
232,Na Dokyun,나도균,1991,HISTORY,South Korea,M
233,Song Donggeon,송동건,1999,TOO,South Korea,M
234,Lee Donghae,이동해,1986,Super Junior,South Korea,M
235,Kim Donghan,김동한,1998,WEi,South Korea,M
236,Lee Dongheon,이동헌,1995,Verivery,South Korea,M
237,Lee Donghun,이동훈,1993,A.C.E,South Korea,M
238,Park Donghyuk,박동혁,1999,BLANK2Y,South Korea,M
239,Kim Donghyun,김동현,1989,Boyfriend,South Korea,M
240,Kim Donghyun,김동현,1999,Golden Child,South Korea,M
241,Kim Donghyun,김동현,1998,AB6IX,South Korea,M
242,Kim Dongjun,김동준,1992,ZE:A,South Korea,M
243,Hwang Dongjun,황동준,1999,,South Korea,M
244,Moon Dongkyu,문동규,1992,Spectrum,South Korea,M
245,Son Dongmyeong,곤동명,2000,Onewe,South Korea,M
246,Son Dongpyo,손동표,2002,Mirae,South Korea,M
247,Kim Dongwan,김동완,1979,Shinhwa,South Korea,M
248,Lee Dongwon,이동원,1994,KNK,South Korea,M
249,Jang Dongwoo,장동우,1990,Infinite,South Korea,M
250,Son Dongwoon,손동운,1991,Highlight,South Korea,M
251,Kim Dongyun,김동윤,2002,DRIPPIN,South Korea,M
252,Yoon Doojoon,윤두준,1989,Highlight,South Korea,M
253,Jang Eunseung,장은성,2000,Purple Kiss,South Korea,F
254,Yoo Douhyun,유도현,2000,Mirae,South Korea,M
255,Yoon Dowoon,윤도운,1995,DAY6,South Korea,M
256,Kim Doyeon,김도연,1999,Weki Meki,South Korea,F
257,Kim Dongyoung,김동영,1996,NCT,South Korea,M
258,Kim Doyoung,김도영,2003,Treasure,South Korea,M
259,Jeon Doyum,전도염,2002,JUST B,South Korea,M
260,Park Yeonjae,박연재,2002,D-CRUNCH,South Korea,M
261,Kim Hyojong,김효종,1994,,South Korea,M
262,Lee Changmin,이창민,1997,DKB,South Korea,M
263,Lee Changyoon,이창윤,1994,ONF,South Korea,M
264,Noh Yiyoung,노이영,1992,After School,South Korea,F
265,Choi Jiwon,최지원,2000,ICHILLIN',South Korea,F
266,Jeon Jaehyuk,전재혁,1992,14U,South Korea,M
267,Park Jiwon,박지원,1998,Everglow,South Korea,F
268,Jae Won,재원,1998,NINE.i,South Korea,M
269,Kim Eunji,이제이,1997,ALICE,South Korea,F
270,Ellison Kim,엘리슨 킴,1991,U-KISS,USA,M
271,Chong Ting Yan,쫑딩얀,1998,,Hong Kong,F
272,Kim Kyungjoo,김경주,1998,Pixy,South Korea,F
273,Kim Minyoung,김민영,1990,Crayon Pop,South Korea,F
274,Jung Haerim,정해림,1998,Weki Meki,South Korea,F
275,Bang Sunhee,방선희,2002,Girlkind,South Korea,F
276,Lee Yonghwa,이용화,2003,ILY:1,South Korea,F
277,Son Youngjae,손영재,2000,The Boyz,South Korea,M
278,Moon Junghyuk,문정혁,1979,Shinhwa,South Korea,M
279,Noh Hyunjung,노현정,1996,LUNARSOLAR,South Korea,F
280,Kim Jungmin,김정민,1996,We In The Zone,South Korea,M
281,Lee Hyemin,이혜민,1988,,South Korea,F
282,Hong Euijin,홍의진,1996,Sonamoo,South Korea,F
283,Lee Euijin,이의진,1990,Bigflo,South Korea,M
284,Choi Eunmi,최은미,1990,Two X,South Korea,F
285,Eun Hwi,은휘,2004,TNX,South Korea,M
286,Shin Eunbi,신은비,2000,Maka Maka,South Korea,F
287,Byun Eunbi,변은비,2000,PRECIOUS,South Korea,F
288,Kwon Eunbi,권은비,1995,IZ*ONE,South Korea,F
289,Kwon Eunbin,권은빈,2000,CLC,South Korea,F
290,Kwon Chaewon,권채원,1999,DIA,South Korea,F
291,Son Eunchae,손은채,1999,bugAboo,South Korea,F
292,Hong Eunchae,홍은채,2006,LE SSERAFIM,South Korea,F
293,Choi Byeongseop,최병섭,2001,TEMPEST,South Korea,M
294,Jung Eunbi,정은비,1997,VIVIZ,South Korea,F
295,Shin Donggeun,신동근,1992,UNVS,South Korea,M
296,Myung Eunho,명은호,2001,YOUNITE,South Korea,M
297,Lee Hyukjae,이혁재,1986,Super Junior,South Korea,M
298,Heo Sooyeon,허수연,1991,DIA,South Korea,F
299,Kwak Eunjae,곽은재,1996,14U,South Korea,M
300,Jung Eunji,정은지,1993,Apink,South Korea,F
301,Hong Eunji,홍은지,1992,Brave Girls,South Korea,F
302,Ahn Eunjin,안은진,1997,,South Korea,F
303,Ma Eunjin,마은진,1997,Playback,South Korea,F
304,Moon Eunjin,문은진,1998,Highteen,South Korea,F
305,Park Eunjo,박은조,2002,Dreamnote,South Korea,F
306,Choi Eunjun,최은준,1999,Spectrum,South Korea,M
307,Ham Eunjung,함은정,1988,T-ara,South Korea,F
308,Hong Eunki,홍은기,1997,,South Korea,M
309,Seo Eunkwang,서은광,1990,BtoB,South Korea,M
310,Lee Eunsang,이은상,2002,YOUNITE,South Korea,M
311,Son Juyeon,손주연,1998,Cosmic Girls,South Korea,F
312,Lee Eunsung,이은성,2000,TheEastLight,South Korea,M
313,Jeong Eunwoo,정은우,1998,Hinapia,South Korea,F
314,Cha Eunwoo,차은우,1997,ASTRO,South Korea,M
315,Joo Eunyoung,주은영,1992,Two X,South Korea,F
316,Chu Sojung,추소정,1995,Cosmic Girls,South Korea,F
317,Nam Yujin,남유진,1995,,South Korea,F
318,Fatou Samba,파투 삼바,1995,Blackswan,Belgium,F
319,Wang FeiFei,왕페이페이,1987,miss A,China,F
320,Lee Youngbok,이용복,2000,Stray Kids,South Korea,M
321,Kwon Jiyong,권지용,1988,BIGBANG,South Korea,M
322,Gina Jane Choi,최지나,1987,,Canada,F
323,Jung Byunghee,정병희,1987,MBLAQ,South Korea,M
324,Kim Gabin,김가빈,1989,Blady,South Korea,F
325,Park Gaeul,박가을,1999,Favorite,South Korea,F
326,Kim Gaeul,김가을,2002,IVE,South Korea,F
327,Cho Kaeun,조가은,1992,,South Korea,F
328,Lee Soobin,이수빈,1994,Gate9,South Korea,F
329,Li Jia Jia,리 지아 지아,1999,,China,F
330,Lee Gahyeon,이가현,1999,Dreamcatcher,South Korea,F
331,Son Gain,손가인,1987,Brown Eyed Girls,South Korea,F
332,Beom Gaon,범가온,2001,Bonus Baby,South Korea,F
333,Kim Garam,김가람,2005,LE SSERAFIM,South Korea,F
334,Heo Gayoon,허가윤,1990,4minute,South Korea,F
335,Kim Gayoung,김가영,1991,Stellar,South Korea,F
336,Cho Heejin,조희진,2002,TRACER,South Korea,F
337,Lee Geonwoo,이건우,2001,JUST B,South Korea,M
338,Baek Boram,백보람,1988,Crayon Pop,South Korea,F
339,Kim Gihwan,김기환,1993,SIGNAL,South Korea,M
340,Kim Gijung,김기중,2001,IM,South Korea,M
341,Lee Gikwang,이기광,1990,Highlight,South Korea,M
342,Park Giru,박기루,1991,Blady,South Korea,F
343,Uchinaga Aeri,우치나가 애리,2000,aespa,Japan,F
344,Jun Giseok,정기석,1997,IM,South Korea,M
345,Kim Kwanghyun,김광현,1998,DKB,South Korea,M
346,Jang Junho,고유,2001,BLITZERS,South Korea,M
347,Na Goeun,나고은,1999,Purple Kiss,South Korea,F
348,Kim Dongsung,김동성,1992,,South Korea,M
349,Go Hyeon,고현,1994,14U,South Korea,M
350,Kim Seongjung,김성중,1998,ARGON,South Korea,M
351,Gong Chansik,공찬식,1993,B1A4,South Korea,M
352,Park Chaewon,박채원,2000,LOONA,South Korea,F
353,Moon Joojeong,문유정,1998,Berry Good,South Korea,F
354,Kim Gaeun,김가운,1996,H.U.B,South Korea,F
355,Kim Jiwon,김지원,1997,RedSquare,South Korea,F
356,Kwak Gun,곽건,2001,14U,South Korea,M
357,Lee Gunmin,이건민,1994,B.I.G,South Korea,M
358,Lee Gunwoo,이건우,1989,MYNAME,South Korea,M
359,Kim Gunwoo,김건우,2002,T1419,South Korea,M
360,Jo Gyehyeon,조계현,1999,Verivery,South Korea,M
361,Kwon Gyeongtae,권경태,2000,14U,South Korea,M
362,Han Gyujin,한규진,1997,UP10TION,South Korea,M
363,Park Gyuri,박규리,1988,KARA,South Korea,F
364,Jang Gyuri,장규리,1997,fromis_9,South Korea,F
365,Yoo Habin,유하빈,2002,,South Korea,F
366,Han Haebin,한해빈,1995,Gugudan,South Korea,F
367,Lee Donghyuk,이동혁,2000,NCT,South Korea,M
368,Yeom Haein,염해인,1995,LABOUM,South Korea,F
369,Lee Haena,이해나,1991,Matilda,South Korea,F
370,Jeon Eunbi,전은비,2002,ANS,South Korea,F
371,Lee Haeri,이해리,1985,Davichi,South Korea,F
372,Jung Haeri,정해리,1997,P.O.P,South Korea,F
373,Kang Haerin,강해린,2006,NewJeans,South Korea,F
374,Na Haeryeong,나해령,1994,BESTie,South Korea,F
375,Yoon Haeun,윤하은,1999,3YE,South Korea,F
376,Lim Haeun,임하은,2008,Lapillus,South Korea,F
377,Oh Haewon,오해원,2003,NMIXX,South Korea,F
378,Lee Taeyeon,이태연,1994,Gate9,South Korea,F
379,Park Haeyoon,박해윤,1996,Cherry Bullet,South Korea,F
380,Lee Hajeong,이하정,1997,,South Korea,F
381,Lee Hakmin,이학민,2000,TRCNG,South Korea,M
382,Jo Hamin,조하민,1997,ENOi,South Korea,M
383,Han Jisung,한지성,2000,Stray Kids,South Korea,M
384,Han Geng,한경,1984,,China,M
385,Han Hyeri,한혜리,1997,I.B.I,South Korea,F
386,Han Jiyoon,한지윤,2000,Rockit Girl,South Korea,F
387,Shin Bora,신보라,1993,Gugudan,South Korea,F
388,Jung Hana,정하나,1990,SECRET,South Korea,F
389,Hayase Hana,하야세 하나,2000,ILY:1,Japan,F
390,Ngo Ngoc Hung,응오 응옥 흥,1998,TEMPEST,Vietnam,M
391,Ahn Hanbyeol,안한별,2003,,South Korea,F
392,Kyung Hanbyul,경한별,2005,PRECIOUS,South Korea,F
393,Han Dong,한동,1996,Dreamcatcher,China,F
394,Lee Haneul,이하늘,1996,ARGON,South Korea,M
395,Choi Haneul,최하늘,2000,Saturday,South Korea,F
396,Song Hangyeom,송한겸,1996,OMEGA X,South Korea,M
397,Lee Hangyul,이한결,1999,BAE173,South Korea,M
398,Ahn Hee-yeon,안희연,1992,EXID,South Korea,F
399,Shin Jiyeon,신지연,1994,MIXX,South Korea,F
400,Pham Ngoc Han,팜응옥헌,2004,NewJeans,Vietnam,F
401,Do Hanse,도한세,1997,VICTON,South Korea,M
402,Kim Hansol,김한솔,1993,,South Korea,M
403,Byun Hanwoom,변한움,2001,PRECIOUS,South Korea,F
404,Kim Haram,김하람,2001,Billlie,South Korea,F
405,Koo Hara,구하라,1991,KARA,South Korea,F
406,Ju Harin,주하린,1998,Onewe,South Korea,M
407,Park Guenhye,박근혜,2000,Pink Fantasy,South Korea,F
408,Seo Harin,서하린,2000,BOTOPASS,South Korea,F
409,Han Harry-June,한해리준,2004,DKB,South Korea,M
410,Han Sangsook,한상숙,1994,Gate9,South Korea,F
411,Abe Haruno,아베 하루노,2000,NATURE,Japan,F
412,Lee Yoojeong,이유정,1997,Ho1iday,South Korea,F
413,Osato Haruna,오사토 하루나,2006,Billlie,Japan,F
414,Watanabe Haruto,와타나베 하루토,2004,Treasure,Japan,M
415,Jo Haseul,조하슬,1997,LOONA,South Korea,F
416,Jung Hayoon,정하윤,1998,Bonus Baby,South Korea,F
417,Oh Hayoung,오하영,1996,Apink,South Korea,F
418,Lee Hayoung,이하영,1993,Playback,South Korea,F
419,Choi Hayoung,최하영,2000,TRCNG,South Korea,M
420,Song Hayoung,송하영,1997,fromis_9,South Korea,F
421,Lee Hayun,이하윤,1994,,South Korea,F
422,Choi Hayun,최하윤,2004,Hi-L,South Korea,F
423,Yang Heechan,양희찬,1999,DKB,South Korea,M
424,Kim Heechul,김희철,1983,Super Junior,South Korea,M
425,Jung Heechul,정희철,1989,ZE:A,South Korea,M
426,Yoon Heedo,유희도,1996,B.I.G,South Korea,M
427,Jeon Heejin,전희진,2000,LOONA,South Korea,F
428,Song Heejin,송희진,1995,Good Day,South Korea,F
429,Jeon Heejoo,전희주,1996,Ho1iday,South Korea,F
430,Oh Heejun,오희준,1996,KNK,South Korea,M
431,Gwak Heeoh,곽히오,1994,4TEN,South Korea,F
432,Yun Heeseok,윤희석,1997,Limitless,South Korea,M
433,Lee Heeseung,이희승,2001,ENHYPEN,South Korea,M
434,Kim Heesu,김희수,1998,Maka Maka,South Korea,F
435,Park Heesun,박희선,2005,Pink Fantasy,South Korea,F
436,Choi Heejae,최희재,1995,MIXX,South Korea,F
437,Kang Gayoung,강가영,1994,,South Korea,F
438,Henry Lau,헨리 라우,1989,Super Junior-M,Canada,M
439,Heo Chan,허찬,1995,VICTON,South Korea,M
440,Kim Dohee,김도희,1996,Sonamoo,South Korea,F
441,Lim Hyeontae,임현태,1994,Bigflo,South Korea,M
442,Ezaki Hikaru,에자키 히카루,2004,Kep1er,Japan,F
443,Kim Himchan,김힘찬,1990,B.A.P,South Korea,M
444,Honda Hitomi,혼다 히토미,2001,IZ*ONE,Japan,F
445,Lee Hohyeon,이호현,2001,TRCNG,South Korea,M
446,Jeon Hojoon,전호준,1992,Topp Dogg,South Korea,M
447,Go Hojung,고호정,1994,HOTSHOT,South Korea,M
448,Lee Hongbin,이홍빈,1993,VIXX,South Korea,M
449,Lee Honggi,이홍기,1990,FTISLAND,South Korea,M
450,Yoon Hongil,윤홍일,1999,Astin,South Korea,M
451,Kim Hongjoong,김홍중,1998,ATEEZ,South Korea,M
452,Shim Hongseob,심홍섭,1998,24K,South Korea,M
453,Yang Hongseok,양홍석,1994,PENTAGON,South Korea,M
454,Yeo Hoonmin,여훈민,1991,U-KISS,South Korea,M
455,Lee Seunghoon,이승훈,1992,WINNER,South Korea,M
456,Kwon Soonyoung,권순영,1996,Seventeen,South Korea,M
457,Lee Howon,이호원,1991,,South Korea,M
458,Bae Hoyoung,배호영,1998,Verivery,South Korea,M
459,Kai Kamal Huening,카이 카말 휴닝,2002,TXT,USA,M
460,Lee Hwitaek,이회택,1993,PENTAGON,South Korea,M
461,Liang Hui,양휘,1995,24K,China,M
462,Ki Huihyeon,기희현,1995,DIA,South Korea,F
463,Noh Huijun,노휘준,2003,MCND,South Korea,M
464,Oh Huiyeon,오휘연,2005,LIGHTSUM,South Korea,F
465,Heo Hyunjoon,허현준,2000,,South Korea,M
466,Lee Hwanhee,이환희,1998,UP10TION,South Korea,M
467,Jo Sihyeon,조시환,1994,DUSTIN,South Korea,M
468,Yeo Hwanwoong,여환웅,1998,Oneus,South Korea,M
469,Park Jonghan,박종찬,1995,Spectrum,South Korea,M
470,Son Jaewon,송재원,2001,TEMPEST,South Korea,M
471,Ahn Hyejin,안혜진,1995,Mamamoo,South Korea,F
472,Yoo Hweseung,유회승,1995,N.Flying,South Korea,M
473,Jo Mingyu,조민규,2002,Newkidd,South Korea,M
474,Lee Choonghyun,이충현,1999,Ciipher,South Korea,M
475,Lee Heechan,이휘찬,1996,Limitless,South Korea,M
476,Jo Hwihyeon,조휘현,2002,H1-KEY,South Korea,F
477,Kim Youngkyun,김영균,1999,SF9,South Korea,M
478,Lee Hyangsuk,이향숙,1991,2EYES,South Korea,F
479,Lee Hyebin,이혜빈,1996,MOMOLAND,South Korea,F
480,Im Hyebin,임혜빈,1999,Highteen,South Korea,F
481,Kim Hyebin,김혜빈,1997,AREAL,South Korea,F
482,Lee Hyein,이혜인,2008,NewJeans,South Korea,F
483,Shin Hyejeong,신혜정,1993,AoA,South Korea,F
484,Jeong Hyeji,정혜지,1992,4TEN,South Korea,F
485,Baek Hyejin,백혜진,1996,4TEN,South Korea,F
486,Kang Hyejin,강혜진,2000,CRAXY,South Korea,F
487,Park Hyunjoo,박현주,1999,Highteen,South Korea,F
488,Hong Hyeju,홍혜주,2003,CLASS:y,South Korea,F
489,Pyo Hyemi,표혜미,1991,9Muses,South Korea,F
490,Kim Hyemi,김혜미,1990,Fiestar,South Korea,F
491,Lee Hyoeun,이효은,1993,Stellar,South Korea,F
492,Song Hyeongjun,송형준,2002,CRAVITY,South Korea,M
493,Chu Hyeongseok,추형석,2000,Astin,South Korea,M
494,Kim Hyungshin,김형신,2002,HOT ISSUE,South Korea,F
495,Noh Hyeran,노혜란,1993,,South Korea,F
496,Lee Hyeri,이혜리,1994,Girl's Day,South Korea,F
497,Woo Hyerim,우혜림,1992,Wonder Girls,South Korea,F
498,Seo Hyerin,서혜린,1993,EXID,South Korea,F
499,Kim Hyerin,김혜린,1993,2EYES,South Korea,F
500,Jeong Hyerin,정혜린,2007,tripleS,South Korea,F
501,Kang Hyewon,강혜원,1999,IZ*ONE,South Korea,F
502,Kang Hyeyeon,강혜연,1990,BESTie,South Korea,F
503,Cho Hyeyeon,조혜연,2000,,South Korea,F
504,Jang Hyogyeong,장효경,1999,ARIAZ,South Korea,F
505,Kim Hyojin,김효진,1994,ONF,South Korea,M
506,Choi Hyojung,최효정,1994,Oh My Girl,South Korea,F
507,Park Sunyoung,박선영,1989,T-ara,South Korea,F
508,Kim Hyojung,김효정,1990,SISTAR,South Korea,F
509,Lim Hyosun,임효선,1998,H.U.B,South Korea,F
510,Jun Hyoseong,전효성,1989,SECRET,South Korea,F
511,Kim Hyoyeon,김효연,1989,SNSD,South Korea,F
512,Han Sanghyuk,한상혁,1995,VIXX,South Korea,M
513,Yang Hyuk,양혁,2000,OMEGA X,South Korea,M
514,Koo Bonhyuk,구본혁,2000,TEMPEST,South Korea,M
515,Jang Hyukjin,장혁진,1993,100%,South Korea,M
516,Park Sunghyun,박성현,1997,7 O'clock,South Korea,M
517,Kim Hyuna,김현아,1992,4minute,South Korea,F
518,Moon Hyuna,문현아,1987,,South Korea,F
519,Kwon Hyunbin,권현빈,1997,JBJ,South Korea,M
520,Kim Hyunbin,김현빈‬,2004,TRI.BE,South Korea,F
521,Moon Hyunbin,문현빈,2000,Ciipher,South Korea,M
522,Myeong Hyeongseo,명형서,2001,CLASS:y,South Korea,F
523,Song Hyungseok,송형석,2002,YOUNITE,South Korea,M
524,Ahn Hyungseop,안형섭,1999,TEMPEST,South Korea,M
525,Park Hyungsik,박형식,1991,ZE:A,South Korea,M
526,Chae Hyungwon,채형원,1994,MONSTA X,South Korea,M
527,Lee Hyunho,이현호,1998,D-CRUNCH,South Korea,M
528,Lee Jaehyun,이재현,1997,The Boyz,South Korea,M
529,Kim Hyunji,김현지,1992,Hashtag,South Korea,F
530,Kim Hyunjin,김현진,2000,LOONA,South Korea,F
531,Hwang Hyunjin,황현진,2000,Stray Kids,South Korea,M
532,Lee Hyunjoo,이현주,1998,UNI.T,South Korea,F
533,Lee Hyunjun,이현준,1999,IZ,South Korea,M
534,Bae Hyunjun,배현준,2003,ATBO,South Korea,M
535,Kim Hyunjong,김현종,1998,Romeo,South Korea,M
536,Byun Hyunmin,변현민,1999,,South Korea,M
537,Park Hyunoh,백현우,1999,D-CRUNCH,South Korea,M
538,Go Hyunseo,고현서,1999,,South Korea,F
539,Shim Hyunseong,심현성,1993,Boyfriend,South Korea,M
540,Jang Hyunseung,장현승,1989,,South Korea,M
541,Kim Hyunseung,김현승,2002,YOUNITE,South Korea,M
542,Lim Hyunsik,임현식,1992,BtoB,South Korea,M
543,Kim Hyunsoo,김현수,1995,D1CE,South Korea,M
544,Jang Hyunsoo,장현수,2003,TNX,South Korea,M
545,Choi Hyunsuk,최현석,1999,Treasure,South Korea,M
546,Yoon Hyunsuk,윤현석,2001,CIX,South Korea,M
547,Han Hyunuk,한현욱,1994,IN2IT,South Korea,M
548,Kim Hyunwoo,김현우,2001,TRCNG,South Korea,M
549,Baek Hyunwoo,박현오,1999,D-CRUNCH,South Korea,M
550,Ji Hyunwook,지현욱,1998,D-CRUNCH,South Korea,M
551,Kim Hyunwoong,김현웅,1998,14U,South Korea,M
552,Cho Hyunyoung,조현영,1991,Rainbow,South Korea,F
553,Cha Yoonji,차윤지,1996,,South Korea,F
554,Lim Changkyun,임창균,1996,MONSTA X,South Korea,M
555,Yang Jeongin,양정인,2001,Stray Kids,South Korea,M
556,Yoo Dongju,유동주,2002,XUM,South Korea,F
557,Ko Chaeyoung,고채영,2000,MAJORS,South Korea,F
558,Jung Ilhoon,정일훈,1994,BtoB,South Korea,M
559,Hwang Inho,황인호,1993,IN2IT,South Korea,M
560,Lee Inpyo,이인표,1995,IN2IT,South Korea,M
561,Kim Inseong,김인성,1993,SF9,South Korea,M
562,Jeong Inseong,정인성,1994,KNK,South Korea,M
563,Kang Insoo,강인수,1988,MYNAME,South Korea,M
564,Hwang Intak,황인탁,2003,P1Harmony,South Korea,M
565,Cho Seoyoung,조서영,2002,Purple Kiss,South Korea,F
566,Bae Juhyun,배주현,1991,Red Velvet,South Korea,F
567,Lee Chaeyoung,이채영,2002,STAYC,South Korea,F
568,Voo Isaak,부 아이젝,1994,IN2IT,Malaysia,M
569,Lee Jieun,이지은,1993,,South Korea,F
570,Park Yooseong,박유성,2001,Kingdom,South Korea,M
571,Lee Yeji,이예지,1998,ANS,South Korea,F
572,Jang Yeeun,장예은,2004,STAYC,South Korea,F
573,Lim Junghoon,임정훈,1990,B.I.G,South Korea,M
574,Jung Hoseok,정호석,1994,BTS,South Korea,M
575,Jeon Minwook,전민욱,1999,BAE173,South Korea,M
576,Lee Seungjoon,이승준,1995,ONF,South Korea,M
577,Shin Minjung,신민정,1994,Tiny-G,South Korea,F
578,Kim Taehyung,김태형,1992,KARD,South Korea,M
579,Kim Jaeyu,김제유,2000,TOO,South Korea,M
580,Kang Chaeyeon,강채연,2001,ICHILLIN',South Korea,F
581,Jackson Wang,잭슨 왕,1994,GOT7,Hong Kong,M
582,Bae Joonyoung,배준영,1997,The Boyz,South Korea,M
583,Zhang Peng,장펑,1996,VAV,China,M
584,Park Jaehyung,박제형,1992,DAY6,South Korea,M
585,Deung Bin,등빈,1997,VARSITY,China,M
586,Park Jaechan,박재찬,2001,Dongkiz,South Korea,M
587,Kim Jaehan,김재한,1995,OMEGA X,South Korea,M
588,Lee Jaehee,이재희,2004,Weeekly,South Korea,F
589,Kim Jaeho,김재호,1992,HISTORY,South Korea,M
590,Kim Jaehwan,김재환,1996,Wanna One,South Korea,M
591,Ahn Jaehyo,안재효,1990,Block B,South Korea,M
592,Yoon Jaehyuk,윤재혁,2001,Treasure,South Korea,M
593,Jung Yoonoh,정윤오,1997,NCT,South Korea,M
594,Kim Jaehyun,김재현,1994,N.Flying,South Korea,M
595,Bong Jaehyun,봉재현,1999,Golden Child,South Korea,M
596,Lee Jaejin,이재진,1991,FTISLAND,South Korea,M
597,Kim Jaejoong,김재중,1986,JYJ,South Korea,M
598,Kim Jaekyung,김재경,1988,Rainbow,South Korea,F
599,Na Jaemin,나재민,2000,NCT,South Korea,M
600,Park Jaeseok,박재석,1995,,South Korea,M
601,Ha Jaeun,한재운,1999,ARGON,South Korea,M
602,Lee Jaeyoon,이재윤,1994,SF9,South Korea,M
603,Lee Jaeyun,이재윤,2000,TOO,South Korea,M
604,Im Jihun,임지훈,2002,Kingdom,South Korea,M
605,Shim Jaeyoon,심재윤,2002,ENHYPEN,South Korea,M
606,Park Jimin,박지민,1997,15&,South Korea,F
607,Sung Jiyeon,성지연,1997,MOMOLAND,South Korea,F
608,Lee Jangjun,이장준,1997,Golden Child,South Korea,M
609,Kim Byeongkwan,김병관,1996,A.C.E,South Korea,M
610,Kim Jinhwan,김진환,1994,iKON,South Korea,M
611,Park Jongsung,박종성,2002,ENHYPEN,South Korea,M
612,Im Jaebum,임재범,1994,GOT7,South Korea,M
613,Kim Hyojin,김효진,1981,Brown Eyed Girls,South Korea,F
614,Kim Jiwon,김지원,1999,Cignature,South Korea,F
615,Lee Jaeho,이재호,2005,EPEX,South Korea,M
616,Moon Jehyun,문제현,1999,OMEGA X,South Korea,M
617,Kim Jinhee,김진희,1989,Fiestar,South Korea,F
618,Kim Yehyeon,김예현,1997,UNVS,South Korea,M
619,Kim Taeyang,김태양,1991,,South Korea,M
620,Kim Jennie,김제니,1996,BLACKPINK,South Korea,F
621,Lee Soyul,이소율,1996,,South Korea,F
622,Lee Jeno,이제노,2000,NCT,South Korea,M
623,Jeon Woong,전웅,1997,AB6IX,South Korea,M
624,Lim Jeonggyu,임정규,1997,7 O'clock,South Korea,M
625,Yoon Jeonghan,윤정한,1995,Seventeen,South Korea,M
626,Go Jeonghee,고정희,2000,Favorite,South Korea,F
627,Jeong Jeongkyun,정정균,1987,,South Korea,M
628,Lee Jeongmin,이정민,1994,Boyfriend,South Korea,M
629,Park Jeongseung,박정승,2002,D-CRUNCH,South Korea,M
630,Kim Jeonguk,김정욱,1993,24K,South Korea,M
631,Park Jeongwoo,박정우,2004,Treasure,South Korea,M
632,Yoo Jeongyeon,유정연,1996,Twice,South Korea,F
633,Jeon Yuri,전유리,1994,Stellar,South Korea,F
634,Oh Sungmin,오성민,2001,TOO,South Korea,M
635,Ahn Sohyun,안소현,1992,Tahiti,South Korea,F
636,Jessica Jung,제시카 정,1989,,South Korea,F
637,Woo Jewon,우제원,1998,NINE.i,South Korea,M
638,Ji Hansol,지한솔,1994,Newkidd,South Korea,M
639,Meng Jia,멍지아,1989,miss A,China,F
640,Guo Jiajia,궈 지아지아,2005,TRI.BE,China,F
641,Yoon Jia,윤지아,2004,mimiimiii,South Korea,F
642,Yoo Jiae,유지애,1993,Lovelyz,South Korea,F
643,Kim Jiae,김지애,1995,Wassup,South Korea,F
644,Yoo Jiahn,유지안,1992,IN2IT,South Korea,M
645,Kwon Jieun,권지은,2001,LUNARSOLAR,South Korea,F
646,Kim Jian,김지안,2006,LIGHTSUM,South Korea,F
647,Kim Jibeom,김지범,1999,Golden Child,South Korea,M
648,Song Jieun,송지은,1990,SECRET,South Korea,F
649,Park Jieun,박지은,1997,Purple Kiss,South Korea,F
650,Choi Jieun,최지은,2001,Bling Bling,South Korea,F
651,Han Jihyo,한지효,2004,Weeekly,South Korea,F
652,Baek Jiheon,백지헌,2003,fromis_9,South Korea,F
653,Kim Jiho,김지호,1997,Oh My Girl,South Korea,F
654,Jang Jiho,장지호,2004,NINE.i,South Korea,M
655,Lim Soojung,임수정,1998,IZ,South Korea,M
656,Park Jihoon,박지훈,1999,Wanna One,South Korea,M
657,Park Jihoon,박지훈,2000,Treasure,South Korea,M
658,Kim Jihun,김지훈,2000,TRCNG,South Korea,M
659,Kim Jihun,김지훈,1995,KNK,South Korea,M
660,Park Jisoo,박지수,1997,Twice,South Korea,F
661,Lee Jihyo,이지효,2001,PRECIOUS,South Korea,F
662,Nam Jihyun,남지현,1990,4minute,South Korea,F
663,Shin Jimin,신지민,1991,,South Korea,F
664,Park Jimin,박지민,1995,BTS,South Korea,M
665,Won Jimin,원지민,2007,CLASS:y,South Korea,F
666,Park Myungeun,박명은,1996,Lovelyz,South Korea,F
667,Kim Seokjin,김석진,1992,BTS,South Korea,M
668,Park Jinwoo,박진우,1996,ASTRO,South Korea,M
669,Shin Hyejin,신혜진,1995,,South Korea,F
670,Lee Jingyu,이진규,1998,Astin,South Korea,M
671,Kim Jinha,김진하,2003,TRI.BE,South Korea,F
672,Jo Jinho,조진호,1992,PENTAGON,South Korea,M
673,Kim Jinhong,김진홍,1998,24K,South Korea,M
674,Kim Jinwook,김진욱,1995,UP10TION,South Korea,M
675,Choi Jinhwa,최진화,2002,BLITZERS,South Korea,M
676,Park Jinju,박진주,1990,,South Korea,F
677,Kim Jinkwon,김진권,2001,Newkidd,South Korea,M
678,Choi Yujin,최윤진,2004,NMIXX,South Korea,F
679,Park Jinhee,박진희,1998,SECRET NUMBER,South Korea,F
680,Lee Jinsol,이진솔,2001,APRIL,South Korea,F
681,Jung Jinsol,정진솔,1997,LOONA,South Korea,F
682,Jung Jinsung,정진성,2002,1the9,South Korea,M
683,Kim Jinwoo,김진우,1991,WINNER,South Korea,M
684,Lee Jinwoo,이진우,2004,Ghost9,South Korea,M
685,Jung Jinyoung,정진영,1991,,South Korea,M
686,Park Jinyoung,박진영,1994,GOT7,South Korea,M
687,Bae Jinyoung,배진영,2000,CIX,South Korea,M
688,Woo Jinyoung,우진영,1997,D1CE,South Korea,M
689,Choi Jinsang,최지상,1999,Hot Blood Youth,South Korea,M
690,Seo Jisoo,서지수,1994,Lovelyz,South Korea,F
691,Kim Jisoo,김지수,1995,BLACKPINK,South Korea,F
692,Shin Jisoo,신지수,1994,Tahiti,South Korea,F
693,Jung Jisoo,정지수,2003,Busters,South Korea,F
694,Kim Jisook,김지숙,1990,Rainbow,South Korea,F
695,Choi Jisu,최지수,2000,TOO,South Korea,M
696,Roh Jisun,노지선,1998,fromis_9,South Korea,F
697,Hwang Jisun,황지선,1989,S#aFLA,South Korea,F
698,Park Jisung,박지성,2002,NCT,South Korea,M
699,Yoon Jisung,윤지성,1991,Wanna One,South Korea,M
700,Kim Jisung,김지성,2000,TRCNG,South Korea,M
701,Kim Minji,김민지,1994,Dreamcatcher,South Korea,F
702,Choi Jiwoong,최지웅,2001,P1Harmony,South Korea,M
703,Yang Jiwon,양지원,1988,UNI.T,South Korea,F
704,Park Jiwon,박지원,1998,fromis_9,South Korea,F
705,Heo Jiwon,허지원,2000,Cherry Bullet,South Korea,F
706,Park Jiwon,박지원,1997,BOTOPASS,South Korea,F
707,Jeon Jiwoo,전지우,1996,KARD,South Korea,F
708,Kim Jiwoo,김지우,2005,NMIXX,South Korea,F
709,Lee Jiwoo,이지우,2005,tripleS,South Korea,F
710,Park Jiyeon,박지연,1993,T-ara,South Korea,F
711,Jeon Jiyoon,전지윤,1990,4minute,South Korea,F
712,Woo Jiyoon,우지윤,1996,Bolbbalgan4,South Korea,F
713,Shin Jiyoon,신지윤,2002,,South Korea,F
714,Im Changsook,임창숙,1989,Two X,South Korea,F
715,Kang Jiyoung,강지영,1994,,South Korea,F
716,Ahn Jiyoung,안지영,1995,Bolbbalgan4,South Korea,F
717,Yang Jungyoon,양정윤,1991,,South Korea,F
718,Jun Jihyeok,전진혁,1998,DUSTIN,South Korea,M
719,Kim Jikang,김지강,1998,Girlkind,South Korea,F
720,Chu Jimin,추지민,2001,JUST B,South Korea,M
721,John Seo,존 서,1995,NCT,USA,M
722,Shin Jiwon,신지원,1996,Berry Good,South Korea,F
723,Choi Jongho,최종호,2000,ATEEZ,South Korea,M
724,Choi Jonghoon,최종훈,1990,FTISLAND,South Korea,M
725,Jo Jonghwan,조종환,1992,100%,South Korea,M
726,Kim Jonghyeong,김종형,2002,Dongkiz,South Korea,M
727,Lee Jonghyun,이종현,1990,CNBLUE,South Korea,M
728,Kim Jonghyun,김종현,1990,,South Korea,M
729,Kim Jongseob,김종섭,2005,P1Harmony,South Korea,M
730,Moon Jongup,문종업,1995,B.A.P,South Korea,M
731,Jung Minjoo,정민주,1990,,South Korea,F
732,Lee Joowon,이주원,1999,MOMOLAND,South Korea,F
733,Lee Juhyun,이주현,2002,Hi-L,South Korea,F
734,Im Jimyoung,임지명,1996,We In The Zone,South Korea,M
735,Hong Joochan,홍주찬,1999,Golden Child,South Korea,M
736,Lee Jooheon,이주헌,1994,MONSTA X,South Korea,M
737,Kim Joohyoung,김주형,2003,NINE.i,South Korea,M
738,Park Junhee,박준희,2002,ICHILLIN',South Korea,F
739,Lee Jooyeon,이주연,1987,,South Korea,F
740,Hong Jisoo,홍지수,1995,Seventeen,USA,M
741,Park Sooyoung,박수영,1996,Red Velvet,South Korea,F
742,Kim Jonghyun,김종현,1995,NU'EST,South Korea,M
743,Koo Junhoe,구준회,1997,iKON,South Korea,M
744,Kim Dahye,김다혜,1995,Blackswan,South Korea,F
745,Lee Jooeun,이주은,1995,DIA,South Korea,F
746,Jo Jueun,조주은,2001,ARIAZ,South Korea,F
747,Ju Haknyeon,주학년,1999,The Boyz,South Korea,M
748,Hong Seunghyun,홍승현,2001,BLITZERS,South Korea,M
749,Lee Juhyeon,이주현,2004,LIGHTSUM,South Korea,F
750,Cha Juhyun,차주현,2000,Bling Bling,South Korea,F
751,Park Juyoung,박주영,1996,Gate9,South Korea,F
752,Weng Junhui,원쥔훼이,1996,Seventeen,China,M
753,Lee Junyoung,이준영,1997,U-KISS,South Korea,M
754,Park Junhee,박준희,1994,A.C.E,South Korea,M
755,Im Joonhyun,임준현,1991,UNVS,South Korea,M
756,Park Choongjae,박충재,1980,Shinhwa,South Korea,M
757,Kim Minjun,김민준,1988,2:00 PM,South Korea,M
758,Kim Jungah,김정아,1983,,South Korea,F
759,Lee Junghoon,이정훈,2000,1TEAM,South Korea,M
760,Han Jeonghoon,한정훈,2000,OMEGA X,South Korea,M
761,Jang Junghun,장정훈,1999,Astin,South Korea,M
762,Park Junghwa,박정화,1995,EXID,South Korea,F
763,So Junghwan,소정환,2005,Treasure,South Korea,M
764,Jeon Jungkook,전정국,1997,BTS,South Korea,M
765,Koo Jungmo,구정모,2000,CRAVITY,South Korea,M
766,Lee Jungshin,이정신,1991,CNBLUE,South Korea,M
767,Yang Jungwon,양정원,2004,ENHYPEN,South Korea,M
768,Kim Jungwoo,김정우,1998,NCT,South Korea,M
769,Uhm Jungwoo,엄정우,1999,BVNDIT,South Korea,F
770,Cheon Junheok,천준혁,2004,TNX,South Korea,M
771,Lee Junho,이준호,1990,2:00 PM,South Korea,M
772,Cha Junho,차준호,2002,DRIPPIN,South Korea,M
773,Kim Junhyeok,임준혁,1993,,South Korea,M
774,Choi Junhyuk,최준혁,1992,HOTSHOT,South Korea,M
775,Lee Junhyuk,이준혁,2000,Mirae,South Korea,M
776,Yong Junyung,용준형,1989,Highlight,South Korea,M
777,Son Junhyung,손준형,2000,Ghost9,South Korea,M
778,Kim Junhyung,김준형,1998,OnlyOneOf,South Korea,M
779,Kim Junkyu,김준규,2000,Treasure,South Korea,M
780,Ryu Junmin,류준민,2003,ATBO,South Korea,M
781,Kang Junkyu,강준규,1993,MYNAME,South Korea,M
782,Kim Junseo,김준서,2001,WEi,South Korea,M
783,Hwang Junseo,황준서,2001,DKB,South Korea,M
784,Park Junseo,박준서,2001,BAE173,South Korea,M
785,Oh Junseok,오준석,2003,ATBO,South Korea,M
786,Choi Junseong,최준성,2002,Ghost9,South Korea,M
787,Kim Juntae,김준태,1995,MY.st,South Korea,M
788,Kim Junwook,김준욱,2002,TheEastLight,South Korea,M
789,Lee Junyoung,이준영,2000,IZ,South Korea,M
790,Takahashi Juri,타카하시 쥬리,1997,Rocket Punch,Japan,F
791,Lee Juyeon,이주연,1998,The Boyz,South Korea,M
792,Lee Juyeon,이주연,2001,Saturday,South Korea,F
793,Na Miri,나미리,1992,BADKIZ,South Korea,F
794,Gu Dokyoung,구도경,1995,Gate9,South Korea,F
795,Lee Kaeun,이가은,1994,After School,South Korea,F
796,Park Jiyoung,박지영,1980,,South Korea,F
797,Kim Jongin,김종인,1994,EXO,South Korea,M
798,Bang Junho,방준호,1997,ARGON,South Korea,M
799,Imai Kairi,이마이 카이리,2003,T1419,Japan,M
800,Kang Hyungu,강현구,1998,Onewe,South Korea,M
801,Kim Youngwoon,김영운,1985,,South Korea,M
802,Kim Kangmin,김강민,2001,TRCNG,South Korea,M
803,Noh Kangmin,노강민,1999,Romeo,South Korea,M
804,Yoo Kangmin,유강민,2003,Verivery,South Korea,M
805,Lee Kangsung,이강성,2002,Ghost9,South Korea,M
806,Min Karin,민가린,2002,ALICE,South Korea,F
807,Baek Yerin,백예린,2000,CRAXY,South Korea,F
808,Yoo Jimin,유지민,2000,aespa,South Korea,F
809,Nakamura Kazuha,나카무라 카즈하,2003,LE SSERAFIM,Japan,F
810,Shin Kyubin,신규빈,1994,OnlyOneOf,South Korea,M
811,Yoon Kiho,윤기호,2001,P1Harmony,Canada,M
812,Kim Jiyeon,김지연,1995,Lovelyz,South Korea,F
813,Lee Yoona,이유나,1999,H.U.B,South Korea,F
814,Terazono Keita,테라조노 케이타,2001,Ciipher,Japan,M
815,Lin Kelly,린 켈리,2002,TRI.BE,Taiwan,F
816,Lee Jaehwan,이재환,1992,VIXX,South Korea,M
817,Takada Kenta,타카다 켄타,1995,JBJ,Japan,M
818,Lee Keonhee,김건희,1998,Oneus,South Korea,M
819,Kim Keonwoo,김건우,1996,MY.st,South Korea,M
820,Keum Donghyun,금동현,2003,EPEX,South Korea,M
821,Lee Keumjo,이금조,1992,9Muses,South Korea,F
822,Christopher Woo,크리스토퍼 우,1991,U-KISS,USA,M
823,Kevin Jiyeop Kim,케빈 지엽 킴,1988,ZE:A,South Korea,M
824,Moon Hyungseo,문형서,1998,The Boyz,Canada,M
825,Park Jinwoo,박진우,2000,OMEGA X,South Korea,M
826,Baek Seungbin,백승빈,2001,T1419,South Korea,M
827,Kim Kibum,김기범,1991,SHINee,South Korea,M
828,Lee Sangmin,이상민,2002,Mirae,South Korea,M
829,Baek Jinjoo,백진주,1998,,South Korea,F
830,Kim Kibum,김기범,1987,,South Korea,M
831,Hwang Kichun,황기천,1992,,South Korea,M
832,Kim Junhoe,김준회,1995,VARSITY,South Korea,M
833,Jin Hyosang,진효상,1992,,South Korea,M
834,Yoo Kihyun,유기현,1993,MONSTA X,South Korea,M
835,Kim Jungeun,김정은,1999,LOONA,South Korea,F
836,Kim Sanggyun,김상균,1995,JBJ95,South Korea,M
837,Kim Seongsu,김성수,1994,DUSTIN,South Korea,M
838,Kang Hyungku,강형구,1998,PENTAGON,South Korea,M
839,Udo Musashi,우도 무사시,2004,T1419,South Korea,M
840,Lee Kiseop,이기섭,1991,U-KISS,South Korea,M
841,Choi Kisu,최기수,1990,24K,South Korea,M
842,Lee Kiwon,이기원,1996,GIDONGDAE,South Korea,M
843,Kato Kokoro,카토 코코로,2000,,Japan,F
844,Go Minsoo,고민수,1996,UP10TION,South Korea,M
845,Kong Yoojin,공유진,2001,Bonus Baby,South Korea,F
846,Kim Kookheon,김국헌,1997,B.O.Y,South Korea,M
847,Kriesha Ziskind Teo Tiu,크리샤 지스킨드 테오 티우,1998,,Philippines,F
848,Wu Yifan,오역범,1990,,Canada,M
849,Krystal Jung,크리스탈 정,1994,f(x),South Korea,F
850,Noh Sooil,노수일,1995,UP10TION,South Korea,M
851,Qian Kun,첸쿤,1996,NCT,China,M
852,Hwang Kwanghee,황광희,1988,ZE:A,South Korea,M
853,Kwon Kwangjin,권광진,1992,N.Flying,South Korea,M
854,Jo Kwangmin,조광민,1995,Boyfriend,South Korea,M
855,Yoon Kyeongheon,윤경헌,1998,We In The Zone,South Korea,M
856,Kyla Massie,카일라 매시,2001,Pristin,USA,F
857,Ma Jaekyung,마재경,1997,Romeo,South Korea,M
858,Lee Kyuhwan,이규환,1994,SIGNAL,South Korea,M
859,Shim Kyuhyuk,심규혁,1995,Hot Blood Youth,South Korea,M
860,Cho Kyuhyun,조규현,1988,Super Junior,South Korea,M
861,Jang Kyujin,장규진,2006,NMIXX,South Korea,F
862,Zhou Jieqiong,저우제충,1998,Pristin,China,F
863,Jang Kyungho,장경호,2001,TOO,South Korea,M
864,Song Kyungil,송경일,1987,HISTORY,South Korea,M
865,Woo Kyungjun,우경준,2002,TNX,South Korea,M
866,Lim Kyungmun,임경문,2003,YOUNITE,South Korea,M
867,Park Kyungri,박경리,1990,9Muses,South Korea,F
868,Lee Kyungyoon,이경윤,2000,Dongkiz,South Korea,M
869,Kim Myungsoo,김명수,1992,Infinite,South Korea,M
870,Lee Byunghun,이병헌,1993,,South Korea,M
871,Lai Kuanlin,라이관린,2001,Wanna One,Taiwan,M
872,Shin Kyuhyun,신규현,1995,ENOi,South Korea,M
873,Moon Shinae,문신애,2000,Dreamnote,South Korea,F
874,Kim Minseok,김민석,1999,,South Korea,M
875,Zhang Yixing,장이씽,1991,EXO,China,M
876,Lee Jimin,이지민,1998,Purplebeck,South Korea,F
877,Ahn Hyejin,안효진,1991,EXID,South Korea,F
878,Ogawa Mizuki,오가와 미즈키,1995,SECRET NUMBER,Japan,F
879,Lee Haein,이해인,1992,I.B.I,South Korea,F
880,Moon Junyoung,문준영,1989,ZE:A,South Korea,M
881,Lee Hyeop,이협,1999,DRIPPIN,South Korea,M
882,Shim Yerin,심예린,2001,Hi-L,South Korea,F
883,Lee Changseon,이창선,1988,,South Korea,M
884,Lee Minho,이민호,1998,Stray Kids,South Korea,M
885,Jin Isoo,진이수,2001,PRECIOUS,South Korea,F
886,Lee Suhyun,이수현,1996,I.B.I,South Korea,F
887,Kim Geonhak,김건학,1997,Oneus,South Korea,M
888,Lee Hyunseo,이현서,2007,IVE,South Korea,F
889,Park Jeongsu,박정수,1983,Super Junior,South Korea,M
890,Larissa Kartes,라리사 카르치스,2001,Blackswan,Brazil,F
891,Kang Rena,강레나,2002,GWSN,South Korea,F
892,Jung Taekwon,정택운,1990,VIXX,South Korea,M
893,Hayase Leo,하야세 레오,2002,T1419,Japan,M
894,Lee Euiwoong,이의웅,2001,TEMPEST,South Korea,M
895,Jeon Hyungmin,전형민,1993,Bigflo,South Korea,M
896,Choi Jisu,최지수,2000,ITZY,South Korea,F
897,Shimada Sho,시마다 쇼,1998,Mirae,Japan,M
898,Lily Jin Morrow,릴리 진 머로우,2002,NMIXX,Australia,F
899,Lim Jimin,임지민,2001,JUST B,South Korea,M
900,Kim Hyerim,김혜림,1993,Hello Venus,South Korea,F
901,Huang Ziting,황자정,2003,,Taiwan,F
902,Oh Sejin,오세진,1997,ANS,South Korea,F
903,Oh Hyesoo,오혜수,1997,RedSquare,South Korea,F
904,Im Minji,임민지,1989,Fiestar,South Korea,F
905,Pranpriya Manoban,쁘란쁘리야 마노반,1997,BLACKPINK,Thailand,F
906,Moon Liya,문리야,2000,MIXX,South Korea,F
907,Kim Jiwon,김지원,2004,IVE,South Korea,F
908,Park Sooyoung,박수영,1992,After School,South Korea,F
909,Kang Yejin,강예진,2001,Nature,South Korea,F
910,Choi Yoojung,최유정,2001,Pixy,South Korea,F
911,Jin Longguo,진룽궈,1996,JBJ,China,M
912,Kim Hosung,김호성,1996,VAV,South Korea,M
913,Won Jihoon,원지훈,1996,14U,Indonesia,M
914,Kim Taewoo,김태우,1999,BLANK2Y,South Korea,M
915,Yang Dongsik,양동식,2001,Kingdom,South Korea,M
916,Park Jisung,박지성,1994,,South Korea,M
917,Im Hayoung,임하영,1997,NATURE,South Korea,F
918,Jo Hankyeung,조한경,1991,BADKIZ,South Korea,F
919,Kim Sookyung,김수경,2000,Weki Meki,South Korea,F
920,Wong Junghei,웡육헤이,1999,NCT,Hong Kong,M
921,Noh Hyojung,노효정,2002,Weki Meki,South Korea,F
922,Kim Daeun,김대은,2004,woo!ah!,South Korea,F
923,Lee Luda,이루다,1997,Cosmic Girls,South Korea,F
924,Lee Gyeonghun,이경훈,1993,14U,South Korea,M
925,Lu Han,루한,1990,,China,M
926,Park Sunyoung,박선영,1993,f(x),South Korea,F
927,Jung Sungmin,정성민,2000,DKB,South Korea,M
928,Choi Gyeongseok,최경석,2003,BLITZERS,South Korea,M
929,Syo Dongchun,쇼동청,2001,VARSITY,China,M
930,Lee Hyunggeun,이형근,1994,Hot Blood Youth,South Korea,M
931,Yasufuku Marin,야스후쿠 마린,2001,Bling Bling,Japan,F
932,Mark Lee,마크 리,1999,NCT,Canada,M
933,Mark Yien Tuan,마크 이엔 투안,1993,GOT7,USA,M
934,Takata Mashiho,타카타 마시호,2001,Treasure,Japan,M
935,Sakamoto Mashiro,사카모토 마시로,1999,Kep1er,Japan,F
936,Shim Changmin,심창민,1988,TVXQ,South Korea,M
937,Jeong Chaeyoung,정채영,2001,,South Korea,F
938,Hirokawa Mao,히로카와 마오,2004,Cherry Bullet,Japan,F
939,Shaoxi Mengna,,2000,HOT ISSUE,China,F
940,Bae Yujin,배유진,1996,Girlkind,South Korea,F
941,Meng Meiqi,멍메이치,1998,Cosmic Girls,China,F
942,Son Hyunmi,손현미,1997,MIXX,South Korea,F
943,Han Eunji,한은지,2000,Everglow,South Korea,F
944,Lee Mihee,이미희,2000,BOTOPASS,South Korea,F
945,Lee Mijoo,이미주,1994,Lovelyz,South Korea,F
946,Morisaki Daisuke,모리사키 다이스케,2001,BLANK2Y,Japan,M
947,Matsuda Miko,마츠다 미코,1995,Honey Popcorn,Japan,F
948,Katae Miku,카타에 미쿠,2002,Pink Fantasy,Japan,F
949,Lee Yongsoo,이용수,1999,OnlyOneOf,South Korea,M
950,Kim Minhak,김민학,1996,Romeo,South Korea,M
951,Jung Mimi,정미미,1993,Gugudan,South Korea,F
952,Kim Mihyun,김미현,1995,Oh My Girl,South Korea,F
953,Lee Minyoung,이민영,1991,miss A,South Korea,F
954,Lee Mincheon,이민천,1997,We In The Zone,South Korea,M
955,Kwon Mina,권민아,1993,,South Korea,F
956,Myoui Mina,묘이 미나,1997,Twice,Japan,F
957,Kang Mina,강미나,1999,Gugudan,South Korea,F
958,Bang Minah,방민아,1993,Girl's Day,South Korea,F
959,Hong Minchan,홍민찬,1998,Verivery,South Korea,M
960,Son Mingi,송민기,1999,ATEEZ,South Korea,M
961,Kim Mingyu,김민규,1997,Seventeen,South Korea,M
962,Park Minha,박민하,1991,,South Korea,F
963,Joo Minhee,주민희,1993,Stellar,South Korea,F
964,Kang Minhee,강민희,2002,CRAVITY,South Korea,M
965,Choi Minho,최민호,1991,SHINee,South Korea,M
966,Lee Minho,이민호,1995,MY.st,South Korea,M
967,Choi Minhwan,최민환,1992,FTISLAND,South Korea,M
968,Lee Minhyuk,이민혁,1990,BtoB,South Korea,M
969,Lee Minhyuk,이민혁,1993,MONSTA X,South Korea,M
970,Kang Minhyuk,강민혁,1991,CNBLUE,South Korea,M
971,Kim Minhyuk,김민혁,1999,D-CRUNCH,South Korea,M
972,Hwang Minhyun,황민현,1995,NU'EST,South Korea,M
973,Seong Minjae,성민재,1994,Sonamoo,South Korea,F
974,Shin Minjae,신민재,1991,Tahiti,South Korea,F
975,Jo Minjae,조민재,1994,Spectrum,South Korea,M
976,Song Minjae,송민재,2003,MCND,South Korea,M
977,Kim Minji,김민지,2001,Busters,South Korea,F
978,Kim Minji,김민지,2004,NewJeans,South Korea,F
979,Kim Minjoo,김민주,2001,IZ*ONE,South Korea,F
980,Kang Minjoo,강민주,2001,GWSN,South Korea,F
981,Kim Minjun,김민준,1999,NINE.i,South Korea,M
982,Cha Minjung,차민정,2004,,South Korea,F
983,Kang Minkyung,강민경,1990,Davichi,South Korea,F
984,Nicha Yontararak,니차 욘타라락,1997,(G)I-DLE,Thailand,F
985,Song Minho,송민호,1993,WINNER,South Korea,M
986,Gook Minpyo,국민표,1994,B.I.G,South Korea,M
987,Kim Minseo,김민서,2004,woo!ah!,South Korea,F
988,Park Minseo,박민서,2003,Saturday,South Korea,F
989,Kim Minseo,김민서,2002,DRIPPIN,South Korea,M
990,Park Minsu,김민수,1993,Boys Republic,South Korea,M
991,Kim Minsu,김민수,2000,TOO,South Korea,M
992,Kim Minhwi,김민휘,1996,Romeo,South Korea,M
993,Kunpat Phonpawiworakun,쿤팟 퍼언빠위워라쿤,1994,Tiny-G,Thailand,F
994,No Minwoo,노민우,1995,Boyfriend,South Korea,M
995,Ha Minwoo,하민우,1990,ZE:A,South Korea,M
996,Lee Minwoo,이민우,1979,Shinhwa,South Korea,M
997,Seo Minwoo,서민우,1985,100%,South Korea,M
998,Kim Minyeong,김민영,1990,Brave Girls,South Korea,F
999,Kong Minji,공민지,1994,2NE1,South Korea,F
1000,Bang Cheolyong,방철용,1991,MBLAQ,South Korea,M
1001,Lee Yoonsang,이윤상,2000,Astin,South Korea,M
1002,Su Mire,수미레,2006,TRI.BE,Japan,F
1003,Jo Mihye,조미혜,1981,Brown Eyed Girls,South Korea,F
1004,Park Miso,박미소,1991,Tahiti,South Korea,F
1005,Park Jihyun,박지현,1996,P.O.P,South Korea,F
1006,Jeon Jimin,전지민,2000,Dreamnote,South Korea,F
1007,Miyauchi Haruka,미야우치 하루카,1993,GWSN,Japan,F
1008,Jo Miyeon,조미연,1997,(G)I-DLE,South Korea,F
1009,Kim Myungjun,김명준,1994,ASTRO,South Korea,M
1010,Park Minkyun,박민균,1995,ONF,South Korea,M
1011,Sakura Moko,사쿠라 모코,1991,Honey Popcorn,Japan,F
1012,Hirai Momo,히라이 모모,1996,Twice,Japan,F
1013,Matsuda Momoka,마쓰다 모모카,2000,Pink Fantasy,Japan,F
1014,Kim Jimin,김지민,2002,Weeekly,South Korea,F
1015,Kang Yeh,강예,1991,BADKIZ,South Korea,F
1016,Moon Bin,문빈,1998,ASTRO,South Korea,M
1017,Moon Sua,문수아,1999,Billlie,South Korea,F
1018,Moon Byulyi,문별이,1992,Mamamoo,South Korea,F
1019,Choi Moonhee,최문희,1997,Bonus Baby,South Korea,F
1020,Jang Moonvok,장문복,1995,Limitless,South Korea,M
1021,Suh Kyungmin,서경민,2003,EPEX,South Korea,M
1022,Ko Sungho,고성호,2000,Kingdom,South Korea,M
1023,Jang Moonik,장문익,2001,Dongkiz,South Korea,M
1024,Kim Hyunwoo,김현우,2001,BAE173,South Korea,M
1025,Kim Myungji,김명지,1997,Tiny-G,South Korea,F
1026,Cha Hakyeon,차학연,1990,VIXX,South Korea,M
1027,Yoon Yejin,윤예진,1991,,South Korea,F
1028,Son Naeun,손나은,1994,,South Korea,F
1029,Lee Naeun,이나은,1999,APRIL,South Korea,F
1030,Kim Nahyun,김나현,1995,Sonamoo,South Korea,F
1031,Kang Nahyun,강나현,2002,HOT ISSUE,South Korea,F
1032,Yabuki Nako,야부키 나코,2001,IZ*ONE,Japan,F
1033,Shin Yooncheol,신윤철,1993,,South Korea,M
1034,Lee Nakyung,이나경,2000,fromis_9,South Korea,F
1035,Kim Namjoo,김남주,1995,Apink,South Korea,F
1036,Im Jinah,임진아,1991,After School,South Korea,F
1037,Kwon Nayeon,권나연,2001,woo!ah!,South Korea,F
1038,Nancy Mcdonie,낸시 맥다니,2000,MOMOLAND,South Korea,F
1039,Kwon Nara,권나라,1991,Hello Venus,South Korea,F
1040,Jung Hyunwoo,정현우,1996,MONT,South Korea,M
1041,Park Narae,박나래,1988,SPICA,South Korea,F
1042,Kim Nari,김나리,1992,Wassup,South Korea,F
1043,Lee Narin,이나린,2001,Bling Bling,South Korea,F
1044,Park Hyojin,박효진,1981,Brown Eyed Girls,South Korea,F
1045,Kim Duyeop,김두엽,1995,CHECKMATE,South Korea,M
1046,Im Nayeon,임나연,1995,Twice,South Korea,F
1047,Kim Nayoung,김나영,1995,Gugudan,South Korea,F
1048,Im Nayoung,임나영,1995,Pristin,South Korea,F
1049,Kim Nayoung,김나영,2002,LIGHTSUM,South Korea,F
1050,Kim Yewon,김예원,2002,ILY:1,South Korea,F
1051,Kim Nayun,김나윤,1998,MOMOLAND,South Korea,F
1052,Im Soeun,임소은,1996,UNI.T,South Korea,F
1053,Choi Chanhee,최찬희,1998,The Boyz,South Korea,M
1054,Choi Yoonsun,최윤선,1997,Sonamoo,South Korea,F
1055,Nishimura Riki,니시무라 리키,2005,ENHYPEN,Japan,M
1056,Nichkhun Horvejkul,닛차쿤 허라웻차꾼,1988,2:00 PM,Thailand,M
1057,Nicole Jung,정니콜,1991,,South Korea,F
1058,Ahn Daniel,안다니엘,1994,Teen Top,South Korea,M
1059,Jung Wookjin,정욱진,1999,OnlyOneOf,South Korea,M
1060,Ning Yizhuo,닝이쭤,2002,aespa,China,F
1061,Hwang Seundae,황승대,1998,CHECKMATE,South Korea,M
1062,Song Yubin,송유빈,2000,T1419,South Korea,M
1063,No Eul,노을,1989,Rainbow,South Korea,F
1064,Kim Sanchan,김상찬,1999,D-CRUNCH,South Korea,M
1065,Son Hyeju,손혜주,2001,LOONA,South Korea,F
1066,Choi Juhwan,최주환,2002,T1419,South Korea,M
1067,Jo Selim,조세림,2000,Everglow,South Korea,F
1068,Jo Wonjun,조원준,1988,Boys Republic,South Korea,M
1069,Lee Jinki,이진기,1989,SHINee,South Korea,M
1070,Park Sehyuk,박세혁,1991,,South Korea,M
1071,Pyo Jihoon,표지훈,1993,Block B,South Korea,M
1072,Park Kyung,박경,1992,Block B,South Korea,M
1073,Shin Donggeun,신동근,1993,BtoB,South Korea,M
1074,Pasidh Vataniyapromote,파싯 와타니야쁘라못,2003,Ghost9,Thailand,M
1075,Park Jaesang,박재상,1977,,South Korea,M
1076,Ji Changmin,지창민,1998,The Boyz,South Korea,M
1077,Lee Jihyun,이지현,1986,T-ara,South Korea,F
1078,Sung Nayeon,성나연,2000,APRIL,South Korea,F
1079,Jung Jihoon,정지훈,1982,,South Korea,M
1080,Oh Hyerin,오혜린,1989,After School,South Korea,F
1081,Chu Chingyu,주칭위,2000,bugAboo,Taiwan,F
1082,Seok Rakwon,석락원,2003,ATBO,South Korea,M
1083,Byun Yongseop,변용섭,1998,E'LAST,South Korea,M
1084,Lee Seoyoung,이서영,2000,ANS,South Korea,F
1085,Kim Wonsik,김원식,1993,VIXX,South Korea,M
1086,Kim Yoongjo,김영조,1995,Oneus,South Korea,M
1087,Lee Rayeon,이나연,2001,FANATICS,South Korea,F
1088,Lee Heejin,이희진,1991,Pungdeng-E,South Korea,F
1089,Naoi Rei,나오이 레이,2004,IVE,Japan,F
1090,Katsuno Rise,카츠노 리세,2001,Cherry Bullet,Japan,F
1091,Choi Minki,최민기,1995,NU'EST,South Korea,M
1092,Kang Yebin,강예빈,1998,Hinapia,South Korea,F
1093,Hwang Renjun,황런쥔,2000,NCT,China,M
1094,Kuwayama Ria,쿠와야마 리아,1998,BOTOPASS,Japan,F
1095,Yoo Changhyun,유창현,1995,Teen Top,South Korea,M
1096,Lee Seungho,이성호,1996,OnlyOneOf,South Korea,M
1097,Jin Seungwook,진승욱,1998,VARSITY,South Korea,M
1098,Lee Seunghyeon,이승현,2001,H1-KEY,South Korea,F
1099,Kang Soeun,강소은,2001,Weki Meki,South Korea,F
1100,Son Gwanghyuk,손광혁,1999,14U,South Korea,M
1101,Kishida Ririka,키시다 리리카,2002,ILY:1,Japan,F
1102,Kim Riwon,김리원,2007,CLASS:y,South Korea,F
1103,Kim Namjoon,김남준,1994,BTS,South Korea,M
1104,Kim Minkyung,김민경,1997,Hinapia,South Korea,F
1105,Park Minhyuk,박민혁,1999,ASTRO,South Korea,M
1106,Shin Joongmin,신중민,1998,MONT,South Korea,M
1107,Kim Sunho,김선호,1997,ARGON,South Korea,M
1108,Kim Rokhyun,김록현,1991,100%,South Korea,M
1109,Choi Youngmin,최영민,2001,E'LAST,South Korea,M
1110,Cheon Byeonghwa,천병화,1991,Bigflo,South Korea,M
1111,Chang Ching,장찡,2002,ILY:1,Taiwan,F
1112,Roseanne Park,로잔느 박,1997,BLACKPINK,South Korea,F
1113,Kim Seokwoo,김석우,1996,SF9,South Korea,M
1114,Jeon Hyunjoo,전현주,1998,ANS,South Korea,F
1115,Lee Haejoon,이해준,1995,1TEAM,South Korea,M
1116,Watanabe Rui,와타나베 루이,1994,H.U.B,Japan,F
1117,Jang Rui,장루이,2000,7 O'clock,South Korea,M
1118,Kim Ryeowook,김려욱,1987,Super Junior,South Korea,M
1119,Shin Ryujin,신류진,2001,ITZY,South Korea,F
1120,Choi Seungcheol,최승철,1995,Seventeen,South Korea,M
1121,Kim Saerok,김새록,1997,NATURE,South Korea,F
1122,Kim Seyoung,김세영,1995,Favorite,South Korea,F
1123,Shim Jaeyoung,심재영,1996,Ho1iday,South Korea,F
1124,Han Saebyeol,한새별,1996,Matilda,South Korea,F
1125,Lee Saerom,이새롬,1997,fromis_9,South Korea,F
1126,Jeon Sakang,정사강,2002,TheEastLight,South Korea,M
1127,Miyawaki Sakura,미야와키 사쿠라,1998,LE SSERAFIM,Japan,F
1128,Liu Xiening,류셰닝,1996,Gugudan,China,F
1129,Kim Samuel,김사무엘,2002,,South Korea,M
1130,Choi San,최산,1999,ATEEZ,South Korea,M
1131,Minatozaki Sana,미나토자키 사나,1996,Twice,Japan,F
1132,Lee Junghwan,이정환,1992,B1A4,South Korea,M
1133,Lee Sanga,이상아,1999,,South Korea,F
1134,Yoo Sangah,윤상아,2002,LIGHTSUM,South Korea,F
1135,Yoo Sangdo,유상도,1993,Topp Dogg,South Korea,M
1136,Jo Sangho,조상호,1995,SNUPER,South Korea,M
1137,Lee Sanghoon,이상훈,1993,,South Korea,M
1138,Shim Sangil,심상일,1993,SNUPER,South Korea,M
1139,Kim Sangmin,김상민,1992,CROSS GENE,South Korea,M
1140,Kim Sangwoo,김상우,2002,JUST B,South Korea,M
1141,Lee Sangyeon,이상연,1996,The Boyz,South Korea,M
1142,Yoon Sanha,윤산하,2000,ASTRO,South Korea,M
1143,Jeon Yujin,전유진,2001,Pixy,South Korea,F
1144,Kim Sujeong,김수정,1999,Highteen,South Korea,F
1145,Jang Sebin,장세빈,1996,SNUPER,South Korea,M
1146,Kang Eunyoung,강은영,1994,Pink Fantasy,South Korea,F
1147,Yoon Seeun,윤세은,2003,STAYC,South Korea,F
1148,Shin Segye,신세계,1998,AREAL,South Korea,F
1149,Oh Sehun,오세훈,1994,EXO,South Korea,M
1150,Kang Sehyung,강세형,1998,Berry Good,South Korea,F
1151,Lee Seojung,이서정,2000,Weki Meki,South Korea,F
1152,Kim Sejeong,김세정,1996,Gugudan,South Korea,F
1153,Lee Sejin,이세진,1999,14U,South Korea,M
1154,Lim Sejun,임세준,1996,VICTON,South Korea,M
1155,Jung Yeonjeong,정연정,2000,Cignature,South Korea,F
1156,Gu Semi,구세미,2002,Cignature,South Korea,F
1157,Oh Heesun,오희선,1995,Matilda,South Korea,F
1158,Park Hyunho,박현호,1992,,South Korea,M
1159,Park Seoham,박서함,1993,KNK,South Korea,M
1160,Lee Seoho,이서호,1996,Oneus,South Korea,M
1161,Seo Joohyun,서주현,1991,SNSD,South Korea,F
1162,Lee Yejin,이예진,2000,H1-KEY,South Korea,F
1163,Lee Seokchul,이석철,2000,TheEastLight,South Korea,M
1164,Kang Seokhwa,강석화,2000,WEi,South Korea,M
1165,Kim Seokyung,김서경,1999,GWSN,South Korea,F
1166,Min Jihye,민지혜,1997,P.O.P,South Korea,F
1167,Kim Hyunjung,김현정,1994,Cosmic Girls,South Korea,F
1168,Kim Seolhyun,김설현,1995,AoA,South Korea,F
1169,Park Seonghwa,박성화,1998,ATEEZ,South Korea,M
1170,Kim Seonglee,김성리,1994,,South Korea,M
1171,Ahn Seongmin,안성민,2003,CRAVITY,South Korea,M
1172,Ong Seunwu,옹성우,1995,Wanna One,South Korea,M
1173,Kim Seonyu,김선유,2008,CLASS:y,South Korea,F
1174,Lee Seoryung,이서령,2000,GWSN,South Korea,F
1175,Seo Won,서원,2000,NINE.i,South Korea,M
1176,Jang Seowon,장서원,2006,Lapillus,South Korea,F
1177,Lee Seoyeon,이서연,2000,fromis_9,South Korea,F
1178,Kim Minju,김민주,1995,Favorite,South Korea,F
1179,Yoon Seoyeon,윤서연,2003,tripleS,South Korea,F
1180,Kim Suyoung,김수영,1995,BOTOPASS,South Korea,F
1181,Lee Seoyoung,이서영,1994,Hello Venus,South Korea,F
1182,Seo Yuri,서유리,1997,Berry Good,South Korea,F
1183,Park Serim,박세림,1999,CRAVITY,South Korea,M
1184,Park Miyeon,박미연,1990,Dal Shabet,South Korea,F
1185,Kang Seulgi,강슬기,1994,Red Velvet,South Korea,F
1186,Jeong Seulgi,정슬기,1990,S#aFLA,South Korea,F
1187,Oh Seungah,오승아,1988,Rainbow,South Korea,F
1188,Kang Seungchan,강승찬,2003,Newkidd,South Korea,M
1189,Shim Seungeun,심승은,2000,BVNDIT,South Korea,F
1190,Lee Seunghan,이승한,1996,DUSTIN,South Korea,M
1191,Oh Seunghee,오승희,1995,CLC,South Korea,F
1192,Hyun Seunghee,현승희,1996,Oh My Girl,South Korea,F
1193,Yang Seungho,양승호,1987,MBLAQ,South Korea,M
1194,Kim Seunghun,김승훈,1999,CIX,South Korea,M
1195,Lee Seunghwan,이승환,1994,Romeo,South Korea,M
1196,Lee Seunghwan,이승환,2000,1the9,South Korea,M
1197,Jeong Seunghwan,정승환,2004,ATBO,South Korea,M
1198,Lee Seunghyub,이승협,1992,N.Flying,South Korea,M
1199,Song Seungyun,송승현,1992,FTISLAND,South Korea,M
1200,Lee Seunghyun,이승현,2001,TheEastLight,South Korea,M
1201,Ji Seungjun,지승준,1998,Astin,South Korea,M
1202,Boo Seungkwan,부승관,1998,Seventeen,South Korea,M
1203,Bae Seungmin,배승민,1998,Golden Child,South Korea,M
1204,Kim Seungmin,김승민,2000,Stray Kids,South Korea,M
1205,Lee Seungmin,이승민,1996,Hashtag,South Korea,F
1206,Lee Seunghyun,이승현,1990,,South Korea,M
1207,Kang Seungsik,강승식,1995,VICTON,South Korea,M
1208,Han Seungwoo,한승우,1994,VICTON,South Korea,M
1209,Jang Seunyeon,장승연,1996,CLC,South Korea,F
1210,Han Seungyeon,한승연,1988,KARA,South Korea,F
1211,Choi Seungyeop,최승엽,1997,E'LAST,South Korea,M
1212,Cho Seungyoon,조승연,1996,UNIQ,South Korea,M
1213,Park Seyeon,박세연,2001,Purplebeck,South Korea,F
1214,Kim Seyong,김세용,1991,MYNAME,South Korea,M
1215,Lee Seyoung,이세영,1990,CROSS GENE,South Korea,M
1216,Nonaka Shana,노나카 샤나,2003,Lapillus,Japan,F
1217,Kim Suyeon,김수연,2003,Billlie,South Korea,F
1218,Kwon Subin,권수빈,2001,BOTOPASS,South Korea,F
1219,Kim Shihyun,김시현,1998,We In The Zone,South Korea,M
1220,Shin Wonho,신원호,1991,CROSS GENE,South Korea,M
1221,Kim Suhyun,김수현,2000,Ghost9,South Korea,M
1222,Jung Pilkyo,정필교,1979,Shinhwa,South Korea,M
1223,Shin Donghee,신동희,1985,Super Junior,South Korea,M
1224,Go Shinwon,고신원,1995,PENTAGON,South Korea,M
1225,Kam Yerim,감예림,2004,MAJORS,South Korea,F
1226,Park Shinyoung,박신영,2000,G-reyish,South Korea,F
1227,Osaki Shotaro,오사키 쇼타로,2000,NCT,Japan,M
1228,Son Hyunwoo,손현우,1992,MONSTA X,South Korea,M
1229,Yeh Shuhua,예슈화,2000,(G)I-DLE,Taiwan,F
1230,Choi Changmin,최창민,2001,T1419,South Korea,M
1231,Lee Sieun,이시은,1993,CHECKMATE,South Korea,F
1232,Park Sieun,박시은,2001,STAYC,South Korea,F
1233,Kim Sihyeon,김시현,1999,Everglow,South Korea,F
1234,Kang Sihyeon,강시현,1998,ARIAZ,South Korea,F
1235,Kim Sihyoung,김시형,1992,HISTORY,South Korea,M
1236,Park Sihyun,박시현,1986,SPICA,South Korea,F
1237,Ren Shika,렌 시카,1995,,China,F
1238,Lee Simyeong,이시명,1999,BVNDIT,South Korea,F
1239,Hwang Eunbi,황은비,1998,VIVIZ,South Korea,F
1240,Kim Sion,김시온,2004,YOUNITE,South Korea,M
1241,Sitala Wongkrachang,시탈라 웡크라창,1996,,Thailand,F
1242,Hwang Inseok,황인석,1995,DUSTIN,South Korea,M
1243,Yim Siwan,임시완,1988,ZE:A,South Korea,M
1244,Choi Siwon,최시원,1986,Super Junior,South Korea,M
1245,Yoo Siwoo,유시우,2001,TRCNG,South Korea,M
1246,Park Siwoo,박시우,2001,BLANK2Y,South Korea,M
1247,Lee Siyeon,이시연,1995,Dreamcatcher,South Korea,F
1248,Kim Siyoon,김시윤,2005,Billlie,South Korea,F
1249,Park Siyoung,박시영,2003,Mirae,South Korea,M
1250,Park Sodam,박소담,2004,BLANK2Y,South Korea,M
1251,Park Soeun,박소은,2002,Weeekly,South Korea,F
1252,Bang Soeun,방소은,2005,TRI.BE,South Korea,F
1253,Kim Sohee,소희,1995,Nature,South Korea,F
1254,Kim Sohee,김소희,1999,ALICE,South Korea,F
1255,Kim Sohee,김소희,2003,Rocket Punch,South Korea,F
1256,Uhm Sohee,음소희,2004,ICHILLIN',South Korea,F
1257,Kim Sohye,김소혜,1999,,South Korea,F
1258,Kwon Sohyun,권소현,1994,4minute,South Korea,F
1259,Park Sojin,박소진,1986,Girl's Day,South Korea,F
1260,Jo Sojin,조소진,1991,9Muses,South Korea,F
1261,Hong Sojin,홍소진,1999,Hashtag,South Korea,F
1262,Lee Sojung,이소정,1993,Ladies' Code,South Korea,F
1263,Kim Yongsun,김용선,1991,Mamamoo,South Korea,F
1264,Ahn Solbin,안솔빈,1997,LABOUM,South Korea,F
1265,Heo Solji,허솔지,1989,EXID,South Korea,F
1266,Jeon Somi,전소미,2001,,South Korea,F
1267,Jang Somin,장소민,1993,BADKIZ,South Korea,F
1268,Jeon Somin,전소민,1996,KARD,South Korea,F
1269,Ahn Somyi,안솜이,2000,DIA,South Korea,F
1270,Song Yunhyeong,송윤형,1995,iKON,South Korea,M
1271,Yoon Songhee,윤송희,1998,BVNDIT,South Korea,F
1272,Kim Songsun,김송선,1997,TRI.BE,South Korea,F
1273,Park Songyee,박송이,2004,,South Korea,F
1274,Park Soobin,박수빈,1996,Cosmic Girls,South Korea,F
1275,Choi Soobin,최수빈,2000,TXT,South Korea,M
1276,Lee Soodam,이수담,1999,SECRET NUMBER,South Korea,F
1277,Shin Soohyun,신수현,1989,U-KISS,South Korea,M
1278,Seo Soojin,서수진,1998,,South Korea,F
1279,Lee Soojin,이수진,2001,Weeekly,South Korea,F
1280,Hwang Soojung,황수정,2001,Hi-L,South Korea,F
1281,Choi Sooyoung,최수영,1990,SNSD,South Korea,F
1282,Sakata Sora,사카타 소라,2003,woo!ah!,Japan,F
1283,Chonnasorn Sajakul,촌나손 사짜꾼,1996,CLC,Thailand,F
1284,Wang Chingyi,왕징이,2001,GWSN,Taiwan,F
1285,Haku Shota,하쿠 쇼타,2005,P1Harmony,Japan,M
1286,Kim Sojung,김소정,1995,Gfriend,South Korea,F
1287,Nam Soeun,남소은,2004,TRACER,South Korea,F
1288,Jang Sojin,장소진,1996,Gugudan,South Korea,F
1289,Jung Soyeon,정소연,1994,LABOUM,South Korea,F
1290,Park Soyeon,박소연,1987,,South Korea,F
1291,Jeon Soyeon,전소연,1998,(G)I-DLE,South Korea,F
1292,Kang Jihyun,강지현,1992,SISTAR,South Korea,F
1293,Yoo Soyoung,유소영,1996,,South Korea,F
1294,Park Hyekyeong,박혜경,1991,Crayon Pop,South Korea,F
1295,Lee Geumhyuk,이금혁,1991,VAV,South Korea,M
1296,Lim Dohyun,임도현,2002,YOUNITE,South Korea,M
1297,Kim Steven,킴 스티븐,2000,Luminous,South Korea,M
1298,Kim Bora,김보라,1994,Dreamcatcher,South Korea,F
1299,Yang Sua,양수아,1995,Hashtag,South Korea,F
1300,Choi Sooah,최수아,2003,Pixy,South Korea,F
1301,Park Subin,박수빈,1994,Dal Shabet,South Korea,F
1302,Jung Subin,정수빈,1999,VICTON,South Korea,M
1303,Oh Subin,오수빈,1998,Hashtag,South Korea,F
1304,Min Yoongi,민윤기,1993,BTS,South Korea,M
1305,Jo Sugyeong,조수경,2000,Favorite,South Korea,F
1306,Kim Junmyeon,김준면,1991,EXO,South Korea,M
1307,Kim Seunghyun,김승현,1988,S#aFLA,South Korea,F
1308,Kim Suhyun,김수현,2000,Billlie,South Korea,F
1309,Choi Hyunggeun,최형근,1992,SNUPER,South Korea,M
1310,Ma Suil,마수일,1999,Luminous,South Korea,M
1311,Ryu Sujeong,류수정,1997,Lovelyz,South Korea,F
1312,Lee Suji,이수지,1998,UNI.T,South Korea,F
1313,Bang Sujin,방수진,1996,Wassup,South Korea,F
1314,Choi Jinri,최진리,1994,,South Korea,F
1315,Seol Yoona,설윤아,2004,NMIXX,South Korea,F
1316,Ji Sumin,지수민,1994,Sonamoo,South Korea,F
1317,Park Sumin,박수민,2001,Dreamnote,South Korea,F
1318,Bae Sumin,배수민,2001,STAYC,South Korea,F
1319,Jeon Heesun,전희선,2001,Girlkind,South Korea,F
1320,Son Sungah,손성아,1989,9Muses,South Korea,F
1321,Jung Sungchan,정성찬,2001,NCT,South Korea,M
1322,Park Sunghoon,박성훈,2002,ENHYPEN,South Korea,M
1323,Seo Sunghyuk,서성혁,1999,,South Korea,M
1324,Kim Sunghyun,김성현,1996,IN2IT,South Korea,M
1325,Yook Sungjae,육성재,1995,BtoB,South Korea,M
1326,Park Sungjin,박성진,1993,DAY6,South Korea,M
1327,Lee Sungjong,이성종,1993,Infinite,South Korea,M
1328,Kim Sungjoo,김성주,1994,UNIQ,South Korea,M
1329,Park Sungjun,박성준,1992,Boys Republic,South Korea,M
1330,Lee Sungjun,이성준,2002,BLANK2Y,South Korea,M
1331,Oh Sungjun,오성준,2005,TNX,South Korea,M
1332,Kim Sungkyu,김성규,1989,Infinite,South Korea,M
1333,Lee Sungmin,이성민,1986,Super Junior,South Korea,M
1334,Oh Sungmin,오성민,1990,Bigflo,South Korea,M
1335,Yoo Sungoh,유성오,1991,,South Korea,M
1336,Ha Sungwoon,하성운,1994,Wanna One,South Korea,M
1337,Lee Sungyeol,이성열,1991,Infinite,South Korea,M
1338,Bae Sungyeon,배성연,1999,Pristin,USA,F
1339,Han Sunhwa,한선화,1990,,South Korea,F
1340,Lee Sunmi,이선미,1992,Wonder Girls,South Korea,F
1341,Hwang Jiwon,황지원,2000,,South Korea,F
1342,Lee Sunkyu,이순규,1989,SNSD,South Korea,F
1343,Kim Sunwoo,김선우,2003,ENHYPEN,South Korea,M
1344,Kim Minjung,김민정,2002,NATURE,South Korea,F
1345,Choi Sunwoo,최선우,1992,Boys Republic,South Korea,M
1346,Kim Sunwoo,김선우,2000,The Boyz,South Korea,M
1347,Seon Yein,선예인,1996,UP10TION,South Korea,M
1348,Kang Suri,강수리,1994,CHECKMATE,South Korea,F
1349,Kim Surin,김수린,1991,Two X,South Korea,F
1350,Lee Suwoong,이수웅,1995,Boys Republic,South Korea,M
1351,Ji Suyeon,지수연,1997,Weki Meki,South Korea,F
1352,Kim Suyun,김수윤,2001,Rocket Punch,South Korea,F
1353,Bae Suji,배수지,1994,miss A,South Korea,F
1354,Kim Suji,김수지,2001,MAJORS,South Korea,F
1355,Kim Suan,김수안,2000,CRAXY,South Korea,F
1356,Park Soojin,박수진,2003,Purple Kiss,South Korea,F
1357,Lee Junyoung,이준영,2002,BLITZERS,South Korea,M
1358,Choi Seunghyun,최승현,1987,BIGBANG,South Korea,M
1359,Ok Taecyeon,옥택연,1988,2:00 PM,South Korea,M
1360,Kim Taedong,김태동,1997,OMEGA X,South Korea,M
1361,Moon Taeeun,문태은,2000,IM,South Korea,M
1362,Yoo Taeha,유태하,1995,,South Korea,F
1363,Kim Taeha,김태하,1998,,South Korea,F
1364,Kim Taeheon,김태헌,1989,ZE:A,South Korea,M
1365,Lee Taehoon,이태훈,2000,NINE.i,South Korea,M
1366,Choi Taehun,최태훈,2002,TNX,South Korea,M
1367,Nam Taehyun,남태현,1994,,South Korea,M
1368,Noh Taehyun,노태현,1993,HOTSHOT,South Korea,M
1369,Kang Taehyun,강태현,2002,TXT,South Korea,M
1370,Lee Taeil,이태일,1990,Block B,South Korea,M
1371,Moon Taeil,문태일,1994,NCT,South Korea,M
1372,Jung Taekhyeon,정택현,2003,1the9,South Korea,M
1373,Lee Taemin,이태민,1993,SHINee,South Korea,M
1374,Lee Yujin,이유진,1994,Gate9,South Korea,F
1375,Kim Taerae,김태래,2002,TEMPEST,South Korea,M
1376,Lim Jeongmin,임정민,2000,LUNARSOLAR,South Korea,F
1377,Yang Taeseon,양태선,2000,TRCNG,South Korea,M
1378,Lee Taesung,이태승,2003,,South Korea,M
1379,Yoo Taewoong,유태웅,1994,SNUPER,South Korea,M
1380,Dong Youngbae,동영배,1988,BIGBANG,South Korea,M
1381,Yoo Taeyang,유태양,1997,SF9,South Korea,M
1382,Kim Taeyeon,김태연,1989,SNSD,South Korea,F
1383,Lee Taeyong,이태용,1995,NCT,South Korea,M
1384,Kim Taeyoung,김태영,2003,CRAVITY,South Korea,M
1385,Kim Taeyoung,김태영,1999,7 O'clock,South Korea,M
1386,Son Youngtaek,손영택,1998,Golden Child,South Korea,M
1387,Yeom Taekyun,염태균,2002,Ciipher,South Korea,M
1388,Terada Takuya,테라다 타쿠야,1992,CROSS GENE,Japan,M
1389,Choi Seokwon,최석원,1996,Ciipher,South Korea,M
1390,Hwang Zitao,황자도,1993,,China,M
1391,Choi Wonjin,최원진,1994,Hot Blood Youth,South Korea,M
1392,Chittaphon Leechaiyapornkul,칫따폰 리차이야뽄꾼,1996,NCT,Thailand,M
1393,Jang Sungsik,장성식,1997,DKB,South Korea,M
1394,Han Dasom,한다솜,1998,,South Korea,F
1395,Xu Minghao,쉬밍하오,1997,Seventeen,China,M
1396,Choi Taeyang,최태양,2001,P1Harmony,South Korea,M
1397,Park Sanghyun,박상현,1990,,South Korea,M
1398,Hwang Miyoung,황미영,1989,SNSD,South Korea,F
1399,Kim Moongyu,김문규,1993,HOTSHOT,South Korea,M
1400,Christine Joy Park,크리스틴 조이 박,1994,Blady,USA,F
1401,Fukutomi Tsuki,후쿠토미 츠키,2002,Billlie,Japan,F
1402,Chou Tzuyu,저우쯔위,1999,Twice,Taiwan,F
1403,Mizuguchi Yuto,미즈구치 유토,1999,ONF,Japan,M
1404,Sun Hengyu,쑨헝위,2001,BLANK2Y,China,M
1405,Jung Yunho,정윤호,1986,TVXQ,South Korea,M
1406,Kim Yukwon,김유권,1992,Block B,South Korea,M
1407,Yoo Jiyeon,윤지연,1997,BADKIZ,South Korea,F
1408,Yu Hyejun,유혜준,2002,NATURE,South Korea,F
1409,Kim Yujin,김유진,1988,,South Korea,F
1410,Jang Yuji,정유지,1991,,South Korea,F
1411,Kim Yewon,김예원,1998,VIVIZ,South Korea,F
1412,Kim Taehyung,김태형,1995,BTS,South Korea,M
1413,Kim Jungwoo,김정우,1999,NINE.i,South Korea,M
1414,Jae Hyun,재현,2000,NINE.i,South Korea,M
1415,Choi Hansol,최한솔,1998,Seventeen,USA,M
1416,Kim Via,김비아,2000,FANATICS,South Korea,F
1417,Song Qian,송치엔,1987,f(x),China,F
1418,Kang Eunhye,강은혜,1988,,South Korea,F
1419,Lee Seunghyun,이승현,1998,Spectrum,South Korea,M
1420,Kim Jimin,김지민,2000,MAJORS,South Korea,F
1421,Wong Viian,황가희,1996,LOONA,Hong Kong,F
1422,Park Sunghee,박성희,1998,Gate9,South Korea,F
1423,Heo Minsun,허민선,1990,Crayon Pop,South Korea,F
1424,Lee Sungjun,이성준,1996,UP10TION,South Korea,M
1425,Son Seunghwan,손승완,1994,Red Velvet,South Korea,F
1426,Li Wenhan,리원한,1994,UNIQ,China,M
1427,Jung Wheein,정휘인,1995,Mamamoo,South Korea,F
1428,Bang Junhyuk,방준혁,2004,MCND,South Korea,M
1429,Kim Minjung,김민정,2001,aespa,South Korea,F
1430,Dong Sicheng,뚱쓰청,1997,NCT,China,M
1431,Kwak Dawit,곽다윗,2002,EPEX,South Korea,M
1432,Park Sungwon,박성원,2003,Ciipher,South Korea,M
1433,Won Bin,원빈,2004,ATBO,South Korea,M
1434,Won Hyuk,원혁,2002,E'LAST,South Korea,M
1435,Jung Woncheol,정원철,1996,MY.st,South Korea,M
1436,Seol Wondae,설원대,1998,Dongkiz,South Korea,M
1437,Shin Hoseok,신호석,1993,,South Korea,M
1438,Won Jin,원진,2003,GIDONGDAE,South Korea,M
1439,Ham Wonjin,함원진,2001,CRAVITY,South Korea,M
1440,Lee Wonjun,이원준,2002,E'LAST,South Korea,M
1441,Kim Wonpil,김원필,1994,DAY6,South Korea,M
1442,Ju Wontak,주원탁,1996,,South Korea,M
1443,Jeon Wonwoo,전원우,1996,Seventeen,South Korea,M
1444,Jang Wonyoung,장원영,2004,IVE,South Korea,F
1445,Kim Chaewon,김채원,1997,CRAXY,South Korea,F
1446,Seo Woobin,서우빈,2000,CRAVITY,South Korea,M
1447,Jeong Woobin,정우빈,2000,Luminous,South Korea,M
1448,Shin Woochul,신우철,2002,Newkidd,South Korea,M
1449,Park Woodam,박우담,1995,D1CE,South Korea,M
1450,Bae Woohee,배우희,1991,Dal Shabet,South Korea,F
1451,Nam Woohyun,남우현,1991,Infinite,South Korea,M
1452,Park Woojin,박우진,1999,AB6IX,South Korea,M
1453,Lee Woojin,이우진,2003,TheEastLight,South Korea,M
1454,Kim Woojin,김우진,1997,,South Korea,M
1455,Lee Woojin,이우진,2003,Ghost9,South Korea,M
1456,Lee Woojin,이우진,1996,MY.st,South Korea,M
1457,Kim Woojoo,김우주,1996,Wassup,South Korea,F
1458,Kim Sangyoon,김상윤,1996,14U,South Korea,M
1459,Cho Wooju,조우주,2004,BLITZERS,South Korea,M
1460,Hwang Woolim,황우림,1996,Playback,South Korea,F
1461,Cha Woonggi,차웅기,2002,TOO,South Korea,M
1462,Song Wonho,홍원호,2003,YOUNITE,South Korea,M
1463,Go Woori,고우리,1988,Rainbow,South Korea,F
1464,Jeong Wooseok,정우석,1998,PENTAGON,South Korea,M
1465,Kim Wooseok,김우석,1996,UP10TION,South Korea,M
1466,Kim Minseok,김민석,1999,IZ,South Korea,M
1467,Choi Sunghyuk,최성혁,1994,SNUPER,South Korea,M
1468,Park Jinkyung,박진경,2003,woo!ah!,South Korea,F
1469,Jo Wooyeop,조우엽,2000,TRCNG,South Korea,M
1470,Jang Wooyoung,장우영,1989,2:00 PM,South Korea,M
1471,Jung Wooyoung,정우영,1999,ATEEZ,South Korea,M
1472,Lee Jihoon,이지훈,1996,Seventeen,South Korea,M
1473,Kim Seyoon,김세윤,1993,A.C.E,South Korea,M
1474,Shim Jaeyoung,심재영,1995,ONF,South Korea,M
1475,Lee Seheun,이세흔,1999,Girlkind,South Korea,F
1476,Lee Jinwoo,이진우,1998,OMEGA X,South Korea,M
1477,Shin Jiho,신지호,1994,Topp Dogg,South Korea,M
1478,Kim Junsu,김준수,1986,JYJ,South Korea,M
1479,Lee Dongyeol,이동열,1998,UP10TION,South Korea,M
1480,Shen Xiao Ting,션샤오팅,1999,Kep1er,China,F
1481,Wang Xinwi,왕씬위,1996,VARSITY,China,M
1482,Son Dongju,손동주,2000,Oneus,South Korea,M
1483,Kim Minseok,김민석,1990,EXO,South Korea,M
1484,Kang Minseok,강민석,1996,VARSITY,South Korea,M
1485,Park Junghyun,박정현,2000,Pristin,South Korea,F
1486,Wu Xuanyi,우쉬안이,1995,Cosmic Girls,China,F
1487,Choi Sungyoon,최성윤,1995,Golden Child,South Korea,M
1488,Yan An,옌안,1996,PENTAGON,China,M
1489,Seo Sangwon,서상원,1995,Topp Dogg,South Korea,M
1490,Kim Haeun,김하은,1999,,South Korea,F
1491,Baek Yebin,백예빈,1997,DIA,South Korea,F
1492,Kim Yebin,김예빈,2004,HOT ISSUE,South Korea,F
1493,Shin Yechan,신예찬,2001,OMEGA X,South Korea,M
1494,Kim Yechan,김예찬,1995,Pink Fantasy,South Korea,F
1495,Bang Yedam,방예담,2002,Treasure,South Korea,M
1496,Jang Yeeun,장예은,1998,CLC,South Korea,F
1497,Hwang Yeeun,황예은,1997,Blady,South Korea,F
1498,Kim Yewon,김예원,1999,Pristin,South Korea,F
1499,Kim Yehyeon,김예현,1999,GIDONGDAE,South Korea,M
1500,Jeong Yein,정예인,1998,Lovelyz,South Korea,F
1501,Ahn Yein,안예인,1995,MELODYDAY,South Korea,F
1502,Hwang Yeji,황예지,2000,ITZY,South Korea,F
1503,Kim Yeju,김예주,2004,ICHILLIN',South Korea,F
1504,Oh Yejun,오예준,2002,E'LAST,South Korea,M
1505,Han Shinyoung,한신영,2004,H1-KEY,South Korea,F
1506,Kim Eunbi,김은비,1993,Pungdeng-E,South Korea,F
1507,Yang Yena,양예나,2000,APRIL,South Korea,F
1508,Jeong Yena,정예나,2000,G-reyish,South Korea,F
1509,Choi Yena,최예나,1999,IZ*ONE,South Korea,F
1510,Park Yeeun,박예은,1989,Wonder Girls,South Korea,F
1511,Yeon Changgu,여창구,1996,PENTAGON,South Korea,M
1512,Jung Jieun,정지은,1990,MELODYDAY,South Korea,F
1513,Im Yeojin,임여진,2002,LOONA,South Korea,F
1514,Ahn Yeonji,안연지,2000,P.O.P,South Korea,F
1515,Kim Yeonhee,김연희,2000,Rocket Punch,South Korea,F
1516,Ju Yeonho,주연호,2000,Verivery,South Korea,M
1517,Yang Yeonje,양연제,1999,ALICE,South Korea,F
1518,Song Yeonjoo,정연주,1997,P.O.P,South Korea,F
1519,Choi Yeonjun,최연준,1999,TXT,South Korea,M
1520,Yu Yeonjung,유연정,1999,Cosmic Girls,South Korea,F
1521,Kim Yeonkyu,김연규,2004,ATBO,South Korea,M
1522,Jeong Yeontae,정연태,1992,IN2IT,South Korea,M
1523,Lee Dabin,이다빈,1996,,South Korea,F
1524,Lee Jinsook,이진숙,1999,Cosmic Girls,South Korea,F
1525,Ahn Chaeyeon,안채연,1996,Hello Venus,South Korea,F
1526,Kim Soyeon,김소연,1994,Gate9,South Korea,F
1527,Choi Yeori,최여리,1999,ARIAZ,South Korea,F
1528,Kang Yeosang,강여상,1999,ATEEZ,South Korea,M
1529,Lee Kyeongbin,이경빈,1997,ARGON,South Korea,M
1530,Ha Yeowool,하여울,1998,Purplebeck,South Korea,F
1531,Yang Yeram,양예람,2000,Astin,South Korea,M
1532,Kim Yerim,김예림,1999,Red Velvet,South Korea,F
1533,Jeong Yerim,정예림,1997,Purplebeck,South Korea,F
1534,Baek Yerin,백예린,1997,15&,South Korea,F
1535,Jung Yerin,정예린,1996,Gfriend,South Korea,F
1536,Kang Yeseo,강예서,2005,Kep1er,South Korea,F
1537,Kim Yeseul,김예슬,2004,Hi-L,South Korea,F
1538,Lee Yeso,이예소,2001,G-reyish,South Korea,F
1539,Kim Jongwoon,김종운,1984,Super Junior,South Korea,M
1540,Seo Yewang,서예왕,2005,EPEX,South Korea,M
1541,Park Yewon,박예원,2004,HOT ISSUE,South Korea,F
1542,Lee Yeji,이예지,1994,Fiestar,South Korea,F
1543,Wang Yibo,왕이보,1997,UNIQ,China,M
1544,Jang Yijeong,장이정,1993,HISTORY,South Korea,M
1545,Wang Yiren,왕이런,2000,Everglow,China,F
1546,Zhou Yixuan,조이쉔,1990,UNIQ,China,M
1547,Jung Dasol,정다솔,1995,BVNDIT,South Korea,F
1548,Kim Yohan,김요한,1999,WEi,South Korea,M
1549,Jo Yonggeun,조용근,1995,D1CE,South Korea,M
1550,Bang Yongguk,방용국,1990,B.A.P,South Korea,M
1551,Yoo Yongha,유용하,1999,WEi,South Korea,M
1552,Kim Yonghee,김용희,2000,CIX,South Korea,M
1553,Jin Yonghoon,진용훈,1994,Onewe,South Korea,M
1554,Jung Yonghwa,정용화,1989,CNBLUE,South Korea,M
1555,Kim Yongseok,김용석,1993,CROSS GENE,South Korea,M
1556,Choi Yongseok,최용석,1996,CHECKMATE,South Korea,M
1557,Kim Yongseung,김용승,2000,Verivery,South Korea,M
1558,Yoo Siah,유시아,1995,Oh My Girl,South Korea,F
1559,Park Yoochun,박유천,1986,JYJ,South Korea,M
1560,Kim Yoohyeon,김유현,1997,Dreamcatcher,South Korea,F
1561,Jang Yoojin,정유진,1992,,South Korea,F
1562,Jun Yoojun,정유준,1995,D1CE,South Korea,M
1563,Jung Gun,정건,2000,BAE173,South Korea,M
1564,Choi Yoojung,최유정,1999,Weki Meki,South Korea,F
1565,Lee Taeyeop,이태엽,1997,OnlyOneOf,South Korea,M
1566,Seo Yookyung,서유경,1993,,South Korea,F
1567,Na Yoomin,나유민,1993,MELODYDAY,South Korea,F
1568,Heo Yoon,허윤,1994,4TEN,South Korea,F
1569,Kang Seungyoon,강승윤,1994,WINNER,South Korea,M
1570,Ji Hayoon,지하윤,1997,Gate9,South Korea,F
1571,Shim Jayoon,심자윤,2004,STAYC,South Korea,F
1572,Im Yoona,임윤아,1990,SNSD,South Korea,F
1573,Ogura Yuuna,오구라 유우나,2000,bugAboo,Japan,F
1574,Ha Yoonbin,하윤빈,2000,,South Korea,M
1575,Jung Yoonhye,정윤혜,1990,Rainbow,South Korea,F
1576,Jung Yoonhye,정윤혜,2001,FANATICS,South Korea,F
1577,Shin Yoonjo,신윤조,1992,UNI.T,South Korea,F
1578,Yoon Sanghyuk,윤상혁,1994,HOTSHOT,South Korea,M
1579,Jeong Yoosung,정유성,1992,,South Korea,M
1580,Kim Yooyeon,김유연,2001,tripleS,South Korea,F
1581,Lee Yooyoung,이유영,1995,Hello Venus,South Korea,F
1582,Yang Yoseob,양요섭,1990,Highlight,South Korea,M
1583,Kanemoto Yoshinori,카네모토 요시노리,2000,Treasure,Japan,M
1584,Kim Jihyeo,유아이,2000,Dreamnote,South Korea,F
1585,Kang Young-hyun,강영현,1993,DAY6,South Korea,M
1586,Kim Youngbin,김영빈,1993,SF9,South Korea,M
1587,Jeong Youngbin,정영빈,1998,Luminous,South Korea,M
1588,Lee Youngbin,이영빈,2001,BLANK2Y,South Korea,M
1589,Seo Youngeun,서영은,2004,Kep1er,South Korea,F
1590,Go Youngheun,고영흔,1994,Blackswan,South Korea,F
1591,Noh Youngho,노영호,1993,SIGNAL,South Korea,M
1592,Kim Younghoon,김영훈,1997,The Boyz,South Korea,M
1593,Yoo Youngjae,유영재,1994,B.A.P,South Korea,M
1594,Choi Youngjae,최영재,1996,GOT7,South Korea,M
1595,Hur Youngji,허영지,1994,,South Korea,F
1596,Jo Youngmin,조영민,1995,Boyfriend,South Korea,M
1597,Lim Youngmin,임영민,1995,,South Korea,M
1598,Ryu Youngseo,류영서,2002,BAE173,South Korea,M
1599,Cho Youngwoon,조영웅,1999,14U,South Korea,M
1600,Mikami Yua,미카미 유아,1993,Honey Popcorn,Japan,F
1601,Jin Yubeen,진유빈,2006,TRACER,South Korea,F
1602,Kim Yubin,김유빈,1988,Wonder Girls,South Korea,F
1603,Bae Yubin,배유빈,1997,Oh My Girl,South Korea,F
1604,Cho Yubin,조유빈,1999,,South Korea,F
1605,Kim Yubin,김유빈,2002,Bling Bling,South Korea,F
1606,Jang Yubin,장유빈,2004,Mirae,South Korea,M
1607,Nancy Yang,낸시 양,2004,Lapillus,USA,F
1608,Park Subin,박수빈,1996,H.U.B,South Korea,F
1609,Kim Yugyeom,김유겸,1997,GOT7,South Korea,M
1610,Kang Kyungwon,강경원,1997,Hinapia,South Korea,F
1611,Kim Yujeong,김유정,1992,,South Korea,F
1612,Nam Yujeong,남유정,1991,Brave Girls,South Korea,F
1613,Lee Yujeong,이유정,2004,LIGHTSUM,South Korea,F
1614,Son Yuji,손유지,1998,3YE,South Korea,F
1615,Choi Yujin,최유진,1996,Kep1er,South Korea,F
1616,Seo Yoojin,소유진,1994,Playback,South Korea,F
1617,Jeong Yujin,정유진,1989,S#aFLA,South Korea,F
1618,Ahn Yujin,안유진,2003,IVE,South Korea,F
1619,Choi Yuna,최유나,1997,Gfriend,South Korea,F
1620,Choi Yuju,최유주,1997,Cherry Bullet,South Korea,F
1621,Lim Jiyeon,임지연,2002,Saturday,South Korea,F
1622,Mori Koyuki,모리 코유키,2002,Purple Kiss,Japan,F
1623,Amanumu Yuku,아마누마 유쿠,2002,DKB,Japan,M
1624,Lee Yukyung,이유경,1999,ALICE,South Korea,F
1625,Kim Yulhee,김율희,1997,,South Korea,F
1626,Seo Yuna,서유나,1992,AoA,South Korea,F
1627,Lee Yuna,이유나,1993,Brave Girls,South Korea,F
1628,Shin Yuna,신유나,2003,ITZY,South Korea,F
1629,Jeong Yunho,정윤호,1999,ATEEZ,South Korea,M
1630,Lee Yunji,이윤지,1992,Playback,South Korea,F
1631,Kim Yunji,김윤지,1996,ARIAZ,South Korea,F
1632,Huh Yunjin,허윤진,2001,LE SSERAFIM,South Korea,F
1633,Seo Yunkyung,서윤경,2001,Rocket Punch,South Korea,F
1634,Yun Min,윤민,2001,Newkidd,South Korea,M
1635,Hwang Yunseong,황윤성,2000,DRIPPIN,South Korea,M
1636,Hwang Yunsung,황윤성,1996,Romeo,South Korea,M
1637,Song Yuqi,송우기,1999,(G)I-DLE,China,F
1638,Kim Ahyoung,김아영,1992,Girl's Day,South Korea,F
1639,Kwon Yuri,권유리,1989,SNSD,South Korea,F
1640,Jo Yuri,조유리,2001,IZ*ONE,South Korea,F
1641,Park Yurim,박유림,1998,3YE,South Korea,F
1642,Nakamoto Yuta,나카모토 유타,1995,NCT,Japan,M
1643,Adachi Yuto,아다치 유토,1998,PENTAGON,Japan,M
1644,Tokunaga Yuuri,도쿠나가 유우리,2001,LUNARSOLAR,Japan,F
1645,Song Yuvin,송유빈,1998,B.O.Y,South Korea,M
1646,Ha Sooyoung,하수영,1997,LOONA,South Korea,F
1647,Kim Moonyong,김문용,1991,UNVS,South Korea,M
1648,Jeong Jaewook,정재욱,1993,,South Korea,M
1649,Choi Junhong,최준홍,1996,B.A.P,South Korea,M
1650,Nasukawa Shota,나스카와 쇼타,2003,T1419,Japan,M
1651,Zhou Mi,조미,1986,Super Junior-M,China,M
1652,Woo Jiho,우지호,1992,Block B,South Korea,M
1653,Jin Hyunbin,진현빈,2001,bugAboo,South Korea,F
1654,Park Heejun,박희준,1997,VAV,South Korea,M
1655,Bae Jinye,배진예,1994,LABOUM,South Korea,F
1656,Cho Hyewon,조혜원,2005,Weeekly,South Korea,F
1657,Bae Juho,백주호,1996,SF9,South Korea,M
1658,Kim Joomi,김주미,1994,Ladies' Code,South Korea,F